mz_rounded,mz,max_plotted_intensity,max_raw_sum_counts,n_points,min_energy_eV,max_energy_eV
99,99.0,0.7000089735765728,26.0,84,6.999828752256,10.999774224566
101,101.02,0.7188143235144403,26.0,84,6.999828752256,10.999774224566
127,127.05,1.8523292182872115,67.0,84,6.999828752256,10.999774224566
128,128.0,4.324675118854697,161.0,84,6.999828752256,10.999774224566
129,129.0,27.979597801544415,982.0,84,6.999828752256,10.999774224566
130,130.0,8.946633105585486,314.0,84,6.999828752256,10.999774224566
142,142.06,2.0514572726183276,72.0,84,6.999828752256,10.999774224566
144,144.02,6.496975616380518,235.0,84,6.999828752256,10.999774224566
146,146.02,14.046783825011603,493.0,84,6.999828752256,10.999774224566
148,148.01,3.305125605885084,116.0,84,6.999828752256,10.999774224566
