tof_bin,mz,raw_counts,log10_counts,energy_eV,io_nA,time_s
18801,141.50988988022698,3.0,0.47712125471966244,10.999774224566,35.097002,60.0
18802,141.52426510228798,6.0,0.7781512503836436,10.999774224566,35.097002,60.0
18803,141.53864105418302,2.0,0.3010299956639812,10.999774224566,35.097002,60.0
18804,141.553017735912,1.0,0.0,10.999774224566,35.097002,60.0
18805,141.567395147475,2.0,0.3010299956639812,10.999774224566,35.097002,60.0
18806,141.581773288872,5.0,0.6989700043360189,10.999774224566,35.097002,60.0
18807,141.596152160103,0.0,-0.3010299956639812,10.999774224566,35.097002,60.0
18808,141.61053176116798,0.0,-0.3010299956639812,10.999774224566,35.097002,60.0
18809,141.624912092067,3.0,0.47712125471966244,10.999774224566,35.097002,60.0
18810,141.6392931528,0.0,-0.3010299956639812,10.999774224566,35.097002,60.0
18811,141.65367494336698,3.0,0.47712125471966244,10.999774224566,35.097002,60.0
18812,141.668057463768,3.0,0.47712125471966244,10.999774224566,35.097002,60.0
18813,141.68244071400298,2.0,0.3010299956639812,10.999774224566,35.097002,60.0
18814,141.696824694072,1.0,0.0,10.999774224566,35.097002,60.0
18815,141.71120940397498,0.0,-0.3010299956639812,10.999774224566,35.097002,60.0
18816,141.725594843712,4.0,0.6020599913279624,10.999774224566,35.097002,60.0
18817,141.739981013283,1.0,0.0,10.999774224566,35.097002,60.0
18818,141.754367912688,4.0,0.6020599913279624,10.999774224566,35.097002,60.0
18819,141.768755541927,4.0,0.6020599913279624,10.999774224566,35.097002,60.0
18820,141.783143901,3.0,0.47712125471966244,10.999774224566,35.097002,60.0
18821,141.797532989907,4.0,0.6020599913279624,10.999774224566,35.097002,60.0
18822,141.81192280864798,4.0,0.6020599913279624,10.999774224566,35.097002,60.0
18823,141.826313357223,4.0,0.6020599913279624,10.999774224566,35.097002,60.0
18824,141.840704635632,5.0,0.6989700043360189,10.999774224566,35.097002,60.0
18825,141.855096643875,7.0,0.8450980400142568,10.999774224566,35.097002,60.0
18826,141.869489381952,9.0,0.9542425094393249,10.999774224566,35.097002,60.0
18827,141.883882849863,11.0,1.0413926851582251,10.999774224566,35.097002,60.0
18828,141.898277047608,46.0,1.662757831681574,10.999774224566,35.097002,60.0
18829,141.91267197518698,62.0,1.792391689498254,10.999774224566,35.097002,60.0
18830,141.9270676326,104.0,2.0170333392987803,10.999774224566,35.097002,60.0
18831,141.941464019847,177.0,2.247973266361807,10.999774224566,35.097002,60.0
18832,141.955861136928,202.0,2.305351369446624,10.999774224566,35.097002,60.0
18833,141.970258983843,250.0,2.3979400086720375,10.999774224566,35.097002,60.0
18834,141.98465756059198,316.0,2.499687082618404,10.999774224566,35.097002,60.0
18835,141.999056867175,453.0,2.656098202012832,10.999774224566,35.097002,60.0
18836,142.013456903592,582.0,2.7649229846498886,10.999774224566,35.097002,60.0
18837,142.027857669843,654.0,2.815577748324267,10.999774224566,35.097002,60.0
18838,142.042259165928,705.0,2.848189116991399,10.999774224566,35.097002,60.0
18839,142.056661391847,653.0,2.814913181275074,10.999774224566,35.097002,60.0
18840,142.07106434760001,612.0,2.7867514221455614,10.999774224566,35.097002,60.0
18841,142.085468033187,414.0,2.617000341120899,10.999774224566,35.097002,60.0
18842,142.099872448608,277.0,2.4424797690644486,10.999774224566,35.097002,60.0
18843,142.114277593863,172.0,2.2355284469075487,10.999774224566,35.097002,60.0
18844,142.128683468952,69.0,1.8388490907372552,10.999774224566,35.097002,60.0
18845,142.143090073875,43.0,1.6334684555795864,10.999774224566,35.097002,60.0
18846,142.157497408632,26.0,1.414973347970818,10.999774224566,35.097002,60.0
18847,142.17190547322298,15.0,1.1760912590556813,10.999774224566,35.097002,60.0
18848,142.186314267648,12.0,1.0791812460476249,10.999774224566,35.097002,60.0
18849,142.200723791907,4.0,0.6020599913279624,10.999774224566,35.097002,60.0
18850,142.215134046,8.0,0.9030899869919435,10.999774224566,35.097002,60.0
18851,142.229545029927,10.0,1.0,10.999774224566,35.097002,60.0
18852,142.243956743688,3.0,0.47712125471966244,10.999774224566,35.097002,60.0
18853,142.258369187283,6.0,0.7781512503836436,10.999774224566,35.097002,60.0
18854,142.27278236071197,5.0,0.6989700043360189,10.999774224566,35.097002,60.0
18855,142.287196263975,1.0,0.0,10.999774224566,35.097002,60.0
18856,142.301610897072,3.0,0.47712125471966244,10.999774224566,35.097002,60.0
18857,142.31602626000299,4.0,0.6020599913279624,10.999774224566,35.097002,60.0
18858,142.330442352768,1.0,0.0,10.999774224566,35.097002,60.0
18859,142.344859175367,1.0,0.0,10.999774224566,35.097002,60.0
18860,142.3592767278,2.0,0.3010299956639812,10.999774224566,35.097002,60.0
18861,142.373695010067,3.0,0.47712125471966244,10.999774224566,35.097002,60.0
18862,142.388114022168,1.0,0.0,10.999774224566,35.097002,60.0
18863,142.402533764103,3.0,0.47712125471966244,10.999774224566,35.097002,60.0
18864,142.416954235872,1.0,0.0,10.999774224566,35.097002,60.0
18865,142.431375437475,3.0,0.47712125471966244,10.999774224566,35.097002,60.0
18866,142.445797368912,1.0,0.0,10.999774224566,35.097002,60.0
18867,142.460220030183,2.0,0.3010299956639812,10.999774224566,35.097002,60.0
18868,142.474643421288,2.0,0.3010299956639812,10.999774224566,35.097002,60.0
18869,142.489067542227,1.0,0.0,10.999774224566,35.097002,60.0
18870,142.503492393,1.0,0.0,10.999774224566,35.097002,60.0
18871,142.51791797360698,1.0,0.0,10.999774224566,35.097002,60.0
18872,142.532344284048,3.0,0.47712125471966244,10.999774224566,35.097002,60.0
18873,142.54677132432298,4.0,0.6020599913279624,10.999774224566,35.097002,60.0
18874,142.561199094432,3.0,0.47712125471966244,10.999774224566,35.097002,60.0
18875,142.575627594375,3.0,0.47712125471966244,10.999774224566,35.097002,60.0
18876,142.590056824152,4.0,0.6020599913279624,10.999774224566,35.097002,60.0
18877,142.60448678376298,0.0,-0.3010299956639812,10.999774224566,35.097002,60.0
18878,142.618917473208,1.0,0.0,10.999774224566,35.097002,60.0
18879,142.633348892487,4.0,0.6020599913279624,10.999774224566,35.097002,60.0
18880,142.64778104159998,1.0,0.0,10.999774224566,35.097002,60.0
18881,142.662213920547,3.0,0.47712125471966244,10.999774224566,35.097002,60.0
18882,142.676647529328,2.0,0.3010299956639812,10.999774224566,35.097002,60.0
18883,142.691081867943,4.0,0.6020599913279624,10.999774224566,35.097002,60.0
18884,142.70551693639197,2.0,0.3010299956639812,10.999774224566,35.097002,60.0
18885,142.719952734675,3.0,0.47712125471966244,10.999774224566,35.097002,60.0
18886,142.734389262792,3.0,0.47712125471966244,10.999774224566,35.097002,60.0
18887,142.748826520743,2.0,0.3010299956639812,10.999774224566,35.097002,60.0
18888,142.763264508528,1.0,0.0,10.999774224566,35.097002,60.0
18889,142.777703226147,1.0,0.0,10.999774224566,35.097002,60.0
18890,142.7921426736,6.0,0.7781512503836436,10.999774224566,35.097002,60.0
18891,142.806582850887,5.0,0.6989700043360189,10.999774224566,35.097002,60.0
18892,142.82102375800798,0.0,-0.3010299956639812,10.999774224566,35.097002,60.0
18893,142.835465394963,1.0,0.0,10.999774224566,35.097002,60.0
18894,142.84990776175198,2.0,0.3010299956639812,10.999774224566,35.097002,60.0
18895,142.864350858375,1.0,0.0,10.999774224566,35.097002,60.0
18896,142.878794684832,5.0,0.6989700043360189,10.999774224566,35.097002,60.0
18897,142.893239241123,1.0,0.0,10.999774224566,35.097002,60.0
18898,142.907684527248,8.0,0.9030899869919435,10.999774224566,35.097002,60.0
18899,142.922130543207,10.0,1.0,10.999774224566,35.097002,60.0
18900,142.936577289,10.0,1.0,10.999774224566,35.097002,60.0
18901,142.951024764627,16.0,1.2041199826559248,10.999774224566,35.097002,60.0
18902,142.965472970088,21.0,1.3222192947339193,10.999774224566,35.097002,60.0
18903,142.97992190538298,33.0,1.5185139398778875,10.999774224566,35.097002,60.0
18904,142.994371570512,46.0,1.662757831681574,10.999774224566,35.097002,60.0
18905,143.008821965475,66.0,1.8195439355418688,10.999774224566,35.097002,60.0
18906,143.023273090272,104.0,2.0170333392987803,10.999774224566,35.097002,60.0
18907,143.037724944903,100.0,2.0,10.999774224566,35.097002,60.0
18908,143.05217752936798,93.0,1.968482948553935,10.999774224566,35.097002,60.0
18909,143.066630843667,96.0,1.9822712330395684,10.999774224566,35.097002,60.0
18910,143.0810848878,64.0,1.806179973983887,10.999774224566,35.097002,60.0
18911,143.095539661767,52.0,1.7160033436347992,10.999774224566,35.097002,60.0
18912,143.109995165568,27.0,1.4313637641589874,10.999774224566,35.097002,60.0
18913,143.124451399203,16.0,1.2041199826559248,10.999774224566,35.097002,60.0
18914,143.13890836267197,15.0,1.1760912590556813,10.999774224566,35.097002,60.0
18915,143.153366055975,3.0,0.47712125471966244,10.999774224566,35.097002,60.0
18916,143.167824479112,4.0,0.6020599913279624,10.999774224566,35.097002,60.0
18917,143.182283632083,1.0,0.0,10.999774224566,35.097002,60.0
18918,143.196743514888,2.0,0.3010299956639812,10.999774224566,35.097002,60.0
18919,143.211204127527,0.0,-0.3010299956639812,10.999774224566,35.097002,60.0
18920,143.22566547,0.0,-0.3010299956639812,10.999774224566,35.097002,60.0
18921,143.240127542307,2.0,0.3010299956639812,10.999774224566,35.097002,60.0
18922,143.254590344448,2.0,0.3010299956639812,10.999774224566,35.097002,60.0
18923,143.26905387642302,2.0,0.3010299956639812,10.999774224566,35.097002,60.0
18924,143.28351813823198,0.0,-0.3010299956639812,10.999774224566,35.097002,60.0
18925,143.297983129875,2.0,0.3010299956639812,10.999774224566,35.097002,60.0
18926,143.312448851352,2.0,0.3010299956639812,10.999774224566,35.097002,60.0
18927,143.326915302663,1.0,0.0,10.999774224566,35.097002,60.0
18928,143.341382483808,2.0,0.3010299956639812,10.999774224566,35.097002,60.0
18929,143.35585039478698,4.0,0.6020599913279624,10.999774224566,35.097002,60.0
18930,143.3703190356,3.0,0.47712125471966244,10.999774224566,35.097002,60.0
18931,143.384788406247,4.0,0.6020599913279624,10.999774224566,35.097002,60.0
18932,143.39925850672802,0.0,-0.3010299956639812,10.999774224566,35.097002,60.0
18933,143.41372933704298,2.0,0.3010299956639812,10.999774224566,35.097002,60.0
18934,143.428200897192,1.0,0.0,10.999774224566,35.097002,60.0
18935,143.442673187175,2.0,0.3010299956639812,10.999774224566,35.097002,60.0
18936,143.457146206992,1.0,0.0,10.999774224566,35.097002,60.0
18937,143.47161995664297,2.0,0.3010299956639812,10.999774224566,35.097002,60.0
18938,143.48609443612798,1.0,0.0,10.999774224566,35.097002,60.0
18939,143.500569645447,2.0,0.3010299956639812,10.999774224566,35.097002,60.0
18940,143.5150455846,3.0,0.47712125471966244,10.999774224566,35.097002,60.0
18941,143.529522253587,2.0,0.3010299956639812,10.999774224566,35.097002,60.0
18942,143.543999652408,1.0,0.0,10.999774224566,35.097002,60.0
18943,143.558477781063,2.0,0.3010299956639812,10.999774224566,35.097002,60.0
18944,143.572956639552,2.0,0.3010299956639812,10.999774224566,35.097002,60.0
18945,143.587436227875,6.0,0.7781512503836436,10.999774224566,35.097002,60.0
18946,143.60191654603202,1.0,0.0,10.999774224566,35.097002,60.0
18947,143.616397594023,2.0,0.3010299956639812,10.999774224566,35.097002,60.0
18948,143.630879371848,3.0,0.47712125471966244,10.999774224566,35.097002,60.0
18949,143.645361879507,4.0,0.6020599913279624,10.999774224566,35.097002,60.0
18950,143.659845117,0.0,-0.3010299956639812,10.999774224566,35.097002,60.0
18951,143.67432908432698,1.0,0.0,10.999774224566,35.097002,60.0
18952,143.688813781488,1.0,0.0,10.999774224566,35.097002,60.0
18953,143.70329920848297,1.0,0.0,10.999774224566,35.097002,60.0
18954,143.71778536531198,9.0,0.9542425094393249,10.999774224566,35.097002,60.0
18955,143.73227225197502,2.0,0.3010299956639812,10.999774224566,35.097002,60.0
18956,143.746759868472,5.0,0.6989700043360189,10.999774224566,35.097002,60.0
18957,143.761248214803,3.0,0.47712125471966244,10.999774224566,35.097002,60.0
18958,143.77573729096798,2.0,0.3010299956639812,10.999774224566,35.097002,60.0
18959,143.790227096967,0.0,-0.3010299956639812,10.999774224566,35.097002,60.0
18960,143.80471763280002,2.0,0.3010299956639812,10.999774224566,35.097002,60.0
18961,143.819208898467,3.0,0.47712125471966244,10.999774224566,35.097002,60.0
18962,143.833700893968,2.0,0.3010299956639812,10.999774224566,35.097002,60.0
18963,143.848193619303,8.0,0.9030899869919435,10.999774224566,35.097002,60.0
18964,143.862687074472,4.0,0.6020599913279624,10.999774224566,35.097002,60.0
18965,143.87718125947498,8.0,0.9030899869919435,10.999774224566,35.097002,60.0
18966,143.891676174312,18.0,1.255272505103306,10.999774224566,35.097002,60.0
18967,143.90617181898298,43.0,1.6334684555795864,10.999774224566,35.097002,60.0
18968,143.92066819348798,57.0,1.7558748556724915,10.999774224566,35.097002,60.0
18969,143.935165297827,97.0,1.9867717342662448,10.999774224566,35.097002,60.0
18970,143.94966313199998,152.0,2.1818435879447726,10.999774224566,35.097002,60.0
18971,143.964161696007,257.0,2.4099331233312946,10.999774224566,35.097002,60.0
18972,143.97866098984798,406.0,2.6085260335771943,10.999774224566,35.097002,60.0
18973,143.993161013523,599.0,2.7774268223893115,10.999774224566,35.097002,60.0
18974,144.00766176703198,785.0,2.8948696567452528,10.999774224566,35.097002,60.0
18975,144.022163250375,904.0,2.9561684304753633,10.999774224566,35.097002,60.0
18976,144.036665463552,984.0,2.9929950984313414,10.999774224566,35.097002,60.0
18977,144.051168406563,893.0,2.9508514588885464,10.999774224566,35.097002,60.0
18978,144.06567207940802,659.0,2.8188854145940097,10.999774224566,35.097002,60.0
18979,144.08017648208698,491.0,2.6910814921229687,10.999774224566,35.097002,60.0
18980,144.0946816146,256.0,2.4082399653118496,10.999774224566,35.097002,60.0
18981,144.10918747694697,119.0,2.0755469613925306,10.999774224566,35.097002,60.0
18982,144.123694069128,65.0,1.8129133566428555,10.999774224566,35.097002,60.0
18983,144.138201391143,35.0,1.5440680443502757,10.999774224566,35.097002,60.0
18984,144.152709442992,11.0,1.0413926851582251,10.999774224566,35.097002,60.0
18985,144.167218224675,15.0,1.1760912590556813,10.999774224566,35.097002,60.0
18986,144.181727736192,5.0,0.6989700043360189,10.999774224566,35.097002,60.0
18987,144.196237977543,10.0,1.0,10.999774224566,35.097002,60.0
18988,144.210748948728,9.0,0.9542425094393249,10.999774224566,35.097002,60.0
18989,144.22526064974699,7.0,0.8450980400142568,10.999774224566,35.097002,60.0
18990,144.2397730806,7.0,0.8450980400142568,10.999774224566,35.097002,60.0
18991,144.254286241287,2.0,0.3010299956639812,10.999774224566,35.097002,60.0
18992,144.268800131808,10.0,1.0,10.999774224566,35.097002,60.0
18993,144.283314752163,4.0,0.6020599913279624,10.999774224566,35.097002,60.0
18994,144.297830102352,2.0,0.3010299956639812,10.999774224566,35.097002,60.0
18995,144.312346182375,2.0,0.3010299956639812,10.999774224566,35.097002,60.0
18996,144.326862992232,8.0,0.9030899869919435,10.999774224566,35.097002,60.0
18997,144.341380531923,1.0,0.0,10.999774224566,35.097002,60.0
18998,144.355898801448,2.0,0.3010299956639812,10.999774224566,35.097002,60.0
18999,144.37041780080702,3.0,0.47712125471966244,10.999774224566,35.097002,60.0
19000,144.38493753,2.0,0.3010299956639812,10.999774224566,35.097002,60.0
19001,144.399457989027,2.0,0.3010299956639812,10.999774224566,35.097002,60.0
19002,144.413979177888,4.0,0.6020599913279624,10.999774224566,35.097002,60.0
19003,144.428501096583,6.0,0.7781512503836436,10.999774224566,35.097002,60.0
19004,144.443023745112,2.0,0.3010299956639812,10.999774224566,35.097002,60.0
19005,144.457547123475,5.0,0.6989700043360189,10.999774224566,35.097002,60.0
19006,144.472071231672,6.0,0.7781512503836436,10.999774224566,35.097002,60.0
19007,144.48659606970298,5.0,0.6989700043360189,10.999774224566,35.097002,60.0
19008,144.501121637568,3.0,0.47712125471966244,10.999774224566,35.097002,60.0
19009,144.515647935267,0.0,-0.3010299956639812,10.999774224566,35.097002,60.0
19010,144.5301749628,1.0,0.0,10.999774224566,35.097002,60.0
19011,144.54470272016698,4.0,0.6020599913279624,10.999774224566,35.097002,60.0
19012,144.559231207368,2.0,0.3010299956639812,10.999774224566,35.097002,60.0
19013,144.57376042440302,2.0,0.3010299956639812,10.999774224566,35.097002,60.0
19014,144.588290371272,4.0,0.6020599913279624,10.999774224566,35.097002,60.0
19015,144.602821047975,0.0,-0.3010299956639812,10.999774224566,35.097002,60.0
19016,144.617352454512,2.0,0.3010299956639812,10.999774224566,35.097002,60.0
19017,144.631884590883,5.0,0.6989700043360189,10.999774224566,35.097002,60.0
19018,144.64641745708798,0.0,-0.3010299956639812,10.999774224566,35.097002,60.0
19019,144.660951053127,1.0,0.0,10.999774224566,35.097002,60.0
19020,144.67548537899998,3.0,0.47712125471966244,10.999774224566,35.097002,60.0
19021,144.69002043470698,0.0,-0.3010299956639812,10.999774224566,35.097002,60.0
19022,144.704556220248,0.0,-0.3010299956639812,10.999774224566,35.097002,60.0
19023,144.71909273562298,4.0,0.6020599913279624,10.999774224566,35.097002,60.0
19024,144.733629980832,5.0,0.6989700043360189,10.999774224566,35.097002,60.0
19025,144.74816795587498,1.0,0.0,10.999774224566,35.097002,60.0
19026,144.762706660752,4.0,0.6020599913279624,10.999774224566,35.097002,60.0
19027,144.77724609546297,1.0,0.0,10.999774224566,35.097002,60.0
19028,144.791786260008,1.0,0.0,10.999774224566,35.097002,60.0
19029,144.80632715438702,4.0,0.6020599913279624,10.999774224566,35.097002,60.0
19030,144.8208687786,3.0,0.47712125471966244,10.999774224566,35.097002,60.0
19031,144.835411132647,3.0,0.47712125471966244,10.999774224566,35.097002,60.0
19032,144.84995421652798,0.0,-0.3010299956639812,10.999774224566,35.097002,60.0
19033,144.864498030243,1.0,0.0,10.999774224566,35.097002,60.0
19034,144.879042573792,2.0,0.3010299956639812,10.999774224566,35.097002,60.0
19035,144.89358784717498,4.0,0.6020599913279624,10.999774224566,35.097002,60.0
19036,144.908133850392,6.0,0.7781512503836436,10.999774224566,35.097002,60.0
19037,144.922680583443,5.0,0.6989700043360189,10.999774224566,35.097002,60.0
19038,144.93722804632802,10.0,1.0,10.999774224566,35.097002,60.0
19039,144.95177623904698,11.0,1.0413926851582251,10.999774224566,35.097002,60.0
19040,144.9663251616,22.0,1.3424226808222062,10.999774224566,35.097002,60.0
19041,144.980874813987,52.0,1.7160033436347992,10.999774224566,35.097002,60.0
19042,144.995425196208,68.0,1.8325089127062364,10.999774224566,35.097002,60.0
19043,145.009976308263,111.0,2.0453229787866576,10.999774224566,35.097002,60.0
19044,145.02452815015198,115.0,2.060697840353612,10.999774224566,35.097002,60.0
19045,145.039080721875,124.0,2.093421685162235,10.999774224566,35.097002,60.0
19046,145.05363402343198,107.0,2.0293837776852097,10.999774224566,35.097002,60.0
19047,145.068188054823,83.0,1.919078092376074,10.999774224566,35.097002,60.0
19048,145.08274281604798,48.0,1.6812412373755872,10.999774224566,35.097002,60.0
19049,145.097298307107,29.0,1.462397997898956,10.999774224566,35.097002,60.0
19050,145.11185452799998,15.0,1.1760912590556813,10.999774224566,35.097002,60.0
19051,145.126411478727,7.0,0.8450980400142568,10.999774224566,35.097002,60.0
19052,145.140969159288,8.0,0.9030899869919435,10.999774224566,35.097002,60.0
19053,145.155527569683,7.0,0.8450980400142568,10.999774224566,35.097002,60.0
19054,145.170086709912,6.0,0.7781512503836436,10.999774224566,35.097002,60.0
19055,145.18464657997498,2.0,0.3010299956639812,10.999774224566,35.097002,60.0
19056,145.199207179872,2.0,0.3010299956639812,10.999774224566,35.097002,60.0
19057,145.21376850960297,1.0,0.0,10.999774224566,35.097002,60.0
19058,145.228330569168,5.0,0.6989700043360189,10.999774224566,35.097002,60.0
19059,145.24289335856702,4.0,0.6020599913279624,10.999774224566,35.097002,60.0
19060,145.2574568778,0.0,-0.3010299956639812,10.999774224566,35.097002,60.0
19061,145.272021126867,1.0,0.0,10.999774224566,35.097002,60.0
19062,145.28658610576798,2.0,0.3010299956639812,10.999774224566,35.097002,60.0
19063,145.301151814503,2.0,0.3010299956639812,10.999774224566,35.097002,60.0
19064,145.315718253072,1.0,0.0,10.999774224566,35.097002,60.0
19065,145.330285421475,1.0,0.0,10.999774224566,35.097002,60.0
19066,145.344853319712,5.0,0.6989700043360189,10.999774224566,35.097002,60.0
19067,145.359421947783,3.0,0.47712125471966244,10.999774224566,35.097002,60.0
19068,145.373991305688,3.0,0.47712125471966244,10.999774224566,35.097002,60.0
19069,145.38856139342698,1.0,0.0,10.999774224566,35.097002,60.0
19070,145.403132211,2.0,0.3010299956639812,10.999774224566,35.097002,60.0
19071,145.417703758407,1.0,0.0,10.999774224566,35.097002,60.0
19072,145.432276035648,0.0,-0.3010299956639812,10.999774224566,35.097002,60.0
19073,145.446849042723,8.0,0.9030899869919435,10.999774224566,35.097002,60.0
19074,145.461422779632,0.0,-0.3010299956639812,10.999774224566,35.097002,60.0
19075,145.47599724637502,1.0,0.0,10.999774224566,35.097002,60.0
19076,145.490572442952,3.0,0.47712125471966244,10.999774224566,35.097002,60.0
19077,145.505148369363,1.0,0.0,10.999774224566,35.097002,60.0
19078,145.51972502560798,4.0,0.6020599913279624,10.999774224566,35.097002,60.0
19079,145.534302411687,2.0,0.3010299956639812,10.999774224566,35.097002,60.0
19080,145.54888052759998,1.0,0.0,10.999774224566,35.097002,60.0
19081,145.563459373347,3.0,0.47712125471966244,10.999774224566,35.097002,60.0
19082,145.578038948928,3.0,0.47712125471966244,10.999774224566,35.097002,60.0
19083,145.592619254343,2.0,0.3010299956639812,10.999774224566,35.097002,60.0
19084,145.60720028959201,4.0,0.6020599913279624,10.999774224566,35.097002,60.0
19085,145.62178205467498,2.0,0.3010299956639812,10.999774224566,35.097002,60.0
19086,145.636364549592,2.0,0.3010299956639812,10.999774224566,35.097002,60.0
19087,145.650947774343,2.0,0.3010299956639812,10.999774224566,35.097002,60.0
19088,145.665531728928,2.0,0.3010299956639812,10.999774224566,35.097002,60.0
19089,145.680116413347,4.0,0.6020599913279624,10.999774224566,35.097002,60.0
19090,145.6947018276,3.0,0.47712125471966244,10.999774224566,35.097002,60.0
19091,145.709287971687,3.0,0.47712125471966244,10.999774224566,35.097002,60.0
19092,145.72387484560798,5.0,0.6989700043360189,10.999774224566,35.097002,60.0
19093,145.738462449363,2.0,0.3010299956639812,10.999774224566,35.097002,60.0
19094,145.753050782952,0.0,-0.3010299956639812,10.999774224566,35.097002,60.0
19095,145.767639846375,2.0,0.3010299956639812,10.999774224566,35.097002,60.0
19096,145.78222963963202,4.0,0.6020599913279624,10.999774224566,35.097002,60.0
19097,145.79682016272298,1.0,0.0,10.999774224566,35.097002,60.0
19098,145.811411415648,8.0,0.9030899869919435,10.999774224566,35.097002,60.0
19099,145.82600339840698,6.0,0.7781512503836436,10.999774224566,35.097002,60.0
19100,145.840596111,6.0,0.7781512503836436,10.999774224566,35.097002,60.0
19101,145.85518955342698,8.0,0.9030899869919435,10.999774224566,35.097002,60.0
19102,145.869783725688,4.0,0.6020599913279624,10.999774224566,35.097002,60.0
19103,145.88437862778298,24.0,1.380211241711606,10.999774224566,35.097002,60.0
19104,145.898974259712,33.0,1.5185139398778875,10.999774224566,35.097002,60.0
19105,145.913570621475,63.0,1.7993405494535817,10.999774224566,35.097002,60.0
19106,145.92816771307199,60.0,1.7781512503836436,10.999774224566,35.097002,60.0
19107,145.942765534503,125.0,2.0969100130080562,10.999774224566,35.097002,60.0
19108,145.95736408576798,143.0,2.155336037465062,10.999774224566,35.097002,60.0
19109,145.971963366867,176.0,2.24551266781415,10.999774224566,35.097002,60.0
19110,145.9865633778,229.0,2.359835482339888,10.999774224566,35.097002,60.0
19111,146.001164118567,218.0,2.3384564936046046,10.999774224566,35.097002,60.0
19112,146.015765589168,216.0,2.3344537511509307,10.999774224566,35.097002,60.0
19113,146.030367789603,180.0,2.255272505103306,10.999774224566,35.097002,60.0
19114,146.044970719872,121.0,2.0827853703164503,10.999774224566,35.097002,60.0
19115,146.05957437997498,88.0,1.9444826721501687,10.999774224566,35.097002,60.0
19116,146.074178769912,66.0,1.8195439355418688,10.999774224566,35.097002,60.0
19117,146.088783889683,37.0,1.568201724066995,10.999774224566,35.097002,60.0
19118,146.103389739288,24.0,1.380211241711606,10.999774224566,35.097002,60.0
19119,146.11799631872697,18.0,1.255272505103306,10.999774224566,35.097002,60.0
19120,146.132603628,6.0,0.7781512503836436,10.999774224566,35.097002,60.0
19121,146.147211667107,7.0,0.8450980400142568,10.999774224566,35.097002,60.0
19122,146.16182043604798,3.0,0.47712125471966244,10.999774224566,35.097002,60.0
19123,146.176429934823,1.0,0.0,10.999774224566,35.097002,60.0
19124,146.19104016343198,2.0,0.3010299956639812,10.999774224566,35.097002,60.0
19125,146.205651121875,2.0,0.3010299956639812,10.999774224566,35.097002,60.0
19126,146.220262810152,1.0,0.0,10.999774224566,35.097002,60.0
19127,146.234875228263,0.0,-0.3010299956639812,10.999774224566,35.097002,60.0
19128,146.249488376208,2.0,0.3010299956639812,10.999774224566,35.097002,60.0
19129,146.26410225398698,1.0,0.0,10.999774224566,35.097002,60.0
19130,146.2787168616,3.0,0.47712125471966244,10.999774224566,35.097002,60.0
19131,146.29333219904697,4.0,0.6020599913279624,10.999774224566,35.097002,60.0
19132,146.307948266328,2.0,0.3010299956639812,10.999774224566,35.097002,60.0
19133,146.322565063443,2.0,0.3010299956639812,10.999774224566,35.097002,60.0
19134,146.337182590392,4.0,0.6020599913279624,10.999774224566,35.097002,60.0
19135,146.351800847175,2.0,0.3010299956639812,10.999774224566,35.097002,60.0
19136,146.36641983379198,4.0,0.6020599913279624,10.999774224566,35.097002,60.0
19137,146.381039550243,4.0,0.6020599913279624,10.999774224566,35.097002,60.0
19138,146.395659996528,2.0,0.3010299956639812,10.999774224566,35.097002,60.0
19139,146.410281172647,3.0,0.47712125471966244,10.999774224566,35.097002,60.0
19140,146.42490307859998,3.0,0.47712125471966244,10.999774224566,35.097002,60.0
19141,146.439525714387,2.0,0.3010299956639812,10.999774224566,35.097002,60.0
19142,146.454149080008,2.0,0.3010299956639812,10.999774224566,35.097002,60.0
19143,146.46877317546299,2.0,0.3010299956639812,10.999774224566,35.097002,60.0
19144,146.483398000752,3.0,0.47712125471966244,10.999774224566,35.097002,60.0
19145,146.498023555875,1.0,0.0,10.999774224566,35.097002,60.0
19146,146.512649840832,3.0,0.47712125471966244,10.999774224566,35.097002,60.0
19147,146.52727685562297,1.0,0.0,10.999774224566,35.097002,60.0
19148,146.541904600248,0.0,-0.3010299956639812,10.999774224566,35.097002,60.0
19149,146.55653307470698,2.0,0.3010299956639812,10.999774224566,35.097002,60.0
19150,146.571162279,3.0,0.47712125471966244,10.999774224566,35.097002,60.0
19151,146.585792213127,3.0,0.47712125471966244,10.999774224566,35.097002,60.0
19152,146.600422877088,1.0,0.0,10.999774224566,35.097002,60.0
19153,146.615054270883,4.0,0.6020599913279624,10.999774224566,35.097002,60.0
19154,146.629686394512,4.0,0.6020599913279624,10.999774224566,35.097002,60.0
19155,146.644319247975,0.0,-0.3010299956639812,10.999774224566,35.097002,60.0
19156,146.65895283127202,1.0,0.0,10.999774224566,35.097002,60.0
19157,146.673587144403,2.0,0.3010299956639812,10.999774224566,35.097002,60.0
19158,146.688222187368,2.0,0.3010299956639812,10.999774224566,35.097002,60.0
19159,146.702857960167,2.0,0.3010299956639812,10.999774224566,35.097002,60.0
19160,146.7174944628,5.0,0.6989700043360189,10.999774224566,35.097002,60.0
19161,146.732131695267,3.0,0.47712125471966244,10.999774224566,35.097002,60.0
19162,146.746769657568,0.0,-0.3010299956639812,10.999774224566,35.097002,60.0
19163,146.76140834970298,0.0,-0.3010299956639812,10.999774224566,35.097002,60.0
19164,146.77604777167198,1.0,0.0,10.999774224566,35.097002,60.0
19165,146.79068792347502,0.0,-0.3010299956639812,10.999774224566,35.097002,60.0
19166,146.805328805112,2.0,0.3010299956639812,10.999774224566,35.097002,60.0
19167,146.819970416583,1.0,0.0,10.999774224566,35.097002,60.0
19168,146.83461275788798,1.0,0.0,10.999774224566,35.097002,60.0
19169,146.849255829027,2.0,0.3010299956639812,10.999774224566,35.097002,60.0
19170,146.86389963,0.0,-0.3010299956639812,10.999774224566,35.097002,60.0
19171,146.878544160807,1.0,0.0,10.999774224566,35.097002,60.0
19172,146.893189421448,3.0,0.47712125471966244,10.999774224566,35.097002,60.0
19173,146.907835411923,4.0,0.6020599913279624,10.999774224566,35.097002,60.0
19174,146.922482132232,5.0,0.6989700043360189,10.999774224566,35.097002,60.0
19175,146.93712958237498,8.0,0.9030899869919435,10.999774224566,35.097002,60.0
19176,146.951777762352,12.0,1.0791812460476249,10.999774224566,35.097002,60.0
19177,146.96642667216298,10.0,1.0,10.999774224566,35.097002,60.0
19178,146.981076311808,10.0,1.0,10.999774224566,35.097002,60.0
19179,146.995726681287,17.0,1.2304489213782739,10.999774224566,35.097002,60.0
19180,147.01037778059998,23.0,1.3617278360175928,10.999774224566,35.097002,60.0
19181,147.025029609747,23.0,1.3617278360175928,10.999774224566,35.097002,60.0
19182,147.03968216872798,20.0,1.3010299956639813,10.999774224566,35.097002,60.0
19183,147.054335457543,22.0,1.3424226808222062,10.999774224566,35.097002,60.0
19184,147.06898947619197,14.0,1.146128035678238,10.999774224566,35.097002,60.0
19185,147.083644224675,8.0,0.9030899869919435,10.999774224566,35.097002,60.0
19186,147.098299702992,4.0,0.6020599913279624,10.999774224566,35.097002,60.0
19187,147.112955911143,3.0,0.47712125471966244,10.999774224566,35.097002,60.0
19188,147.127612849128,2.0,0.3010299956639812,10.999774224566,35.097002,60.0
19189,147.14227051694698,4.0,0.6020599913279624,10.999774224566,35.097002,60.0
19190,147.1569289146,2.0,0.3010299956639812,10.999774224566,35.097002,60.0
19191,147.171588042087,2.0,0.3010299956639812,10.999774224566,35.097002,60.0
19192,147.186247899408,2.0,0.3010299956639812,10.999774224566,35.097002,60.0
19193,147.20090848656298,1.0,0.0,10.999774224566,35.097002,60.0
19194,147.215569803552,5.0,0.6989700043360189,10.999774224566,35.097002,60.0
19195,147.23023185037502,1.0,0.0,10.999774224566,35.097002,60.0
19196,147.24489462703198,1.0,0.0,10.999774224566,35.097002,60.0
19197,147.259558133523,3.0,0.47712125471966244,10.999774224566,35.097002,60.0
19198,147.274222369848,4.0,0.6020599913279624,10.999774224566,35.097002,60.0
19199,147.288887336007,4.0,0.6020599913279624,10.999774224566,35.097002,60.0
19200,147.303553032,3.0,0.47712125471966244,10.999774224566,35.097002,60.0
19201,147.31821945782698,1.0,0.0,10.999774224566,35.097002,60.0
19202,147.33288661348797,1.0,0.0,10.999774224566,35.097002,60.0
19203,147.347554498983,4.0,0.6020599913279624,10.999774224566,35.097002,60.0
19204,147.362223114312,1.0,0.0,10.999774224566,35.097002,60.0
19205,147.376892459475,0.0,-0.3010299956639812,10.999774224566,35.097002,60.0
19206,147.391562534472,3.0,0.47712125471966244,10.999774224566,35.097002,60.0
19207,147.406233339303,6.0,0.7781512503836436,10.999774224566,35.097002,60.0
19208,147.420904873968,0.0,-0.3010299956639812,10.999774224566,35.097002,60.0
19209,147.435577138467,1.0,0.0,10.999774224566,35.097002,60.0
19210,147.4502501328,2.0,0.3010299956639812,10.999774224566,35.097002,60.0
19211,147.464923856967,4.0,0.6020599913279624,10.999774224566,35.097002,60.0
19212,147.479598310968,2.0,0.3010299956639812,10.999774224566,35.097002,60.0
19213,147.494273494803,1.0,0.0,10.999774224566,35.097002,60.0
19214,147.50894940847198,5.0,0.6989700043360189,10.999774224566,35.097002,60.0
19215,147.523626051975,3.0,0.47712125471966244,10.999774224566,35.097002,60.0
19216,147.538303425312,3.0,0.47712125471966244,10.999774224566,35.097002,60.0
19217,147.552981528483,2.0,0.3010299956639812,10.999774224566,35.097002,60.0
19218,147.567660361488,1.0,0.0,10.999774224566,35.097002,60.0
19219,147.582339924327,3.0,0.47712125471966244,10.999774224566,35.097002,60.0
19220,147.597020217,1.0,0.0,10.999774224566,35.097002,60.0
19221,147.611701239507,1.0,0.0,10.999774224566,35.097002,60.0
19222,147.626382991848,2.0,0.3010299956639812,10.999774224566,35.097002,60.0
19223,147.64106547402298,1.0,0.0,10.999774224566,35.097002,60.0
19224,147.65574868603198,0.0,-0.3010299956639812,10.999774224566,35.097002,60.0
19225,147.67043262787502,2.0,0.3010299956639812,10.999774224566,35.097002,60.0
19226,147.685117299552,1.0,0.0,10.999774224566,35.097002,60.0
19227,147.699802701063,5.0,0.6989700043360189,10.999774224566,35.097002,60.0
19228,147.714488832408,3.0,0.47712125471966244,10.999774224566,35.097002,60.0
19229,147.729175693587,4.0,0.6020599913279624,10.999774224566,35.097002,60.0
19230,147.7438632846,0.0,-0.3010299956639812,10.999774224566,35.097002,60.0
19231,147.758551605447,1.0,0.0,10.999774224566,35.097002,60.0
19232,147.773240656128,3.0,0.47712125471966244,10.999774224566,35.097002,60.0
19233,147.787930436643,1.0,0.0,10.999774224566,35.097002,60.0
19234,147.802620946992,2.0,0.3010299956639812,10.999774224566,35.097002,60.0
19235,147.817312187175,3.0,0.47712125471966244,10.999774224566,35.097002,60.0
19236,147.832004157192,0.0,-0.3010299956639812,10.999774224566,35.097002,60.0
19237,147.84669685704299,3.0,0.47712125471966244,10.999774224566,35.097002,60.0
19238,147.861390286728,2.0,0.3010299956639812,10.999774224566,35.097002,60.0
19239,147.87608444624698,11.0,1.0413926851582251,10.999774224566,35.097002,60.0
19240,147.8907793356,19.0,1.2787536009528289,10.999774224566,35.097002,60.0
19241,147.905474954787,24.0,1.380211241711606,10.999774224566,35.097002,60.0
19242,147.920171303808,31.0,1.4913616938342726,10.999774224566,35.097002,60.0
19243,147.934868382663,40.0,1.6020599913279623,10.999774224566,35.097002,60.0
19244,147.94956619135198,56.0,1.7481880270062005,10.999774224566,35.097002,60.0
19245,147.964264729875,34.0,1.5314789170422551,10.999774224566,35.097002,60.0
19246,147.978963998232,34.0,1.5314789170422551,10.999774224566,35.097002,60.0
19247,147.99366399642298,27.0,1.4313637641589874,10.999774224566,35.097002,60.0
19248,148.008364724448,20.0,1.3010299956639813,10.999774224566,35.097002,60.0
19249,148.023066182307,12.0,1.0791812460476249,10.999774224566,35.097002,60.0
19250,148.03776837,10.0,1.0,10.999774224566,35.097002,60.0
19251,148.052471287527,10.0,1.0,10.999774224566,35.097002,60.0
19252,148.067174934888,8.0,0.9030899869919435,10.999774224566,35.097002,60.0
19253,148.08187931208298,2.0,0.3010299956639812,10.999774224566,35.097002,60.0
19254,148.096584419112,5.0,0.6989700043360189,10.999774224566,35.097002,60.0
19255,148.111290255975,4.0,0.6020599913279624,10.999774224566,35.097002,60.0
19256,148.125996822672,0.0,-0.3010299956639812,10.999774224566,35.097002,60.0
19257,148.140704119203,0.0,-0.3010299956639812,10.999774224566,35.097002,60.0
19258,148.155412145568,1.0,0.0,10.999774224566,35.097002,60.0
19259,148.170120901767,4.0,0.6020599913279624,10.999774224566,35.097002,60.0
19260,148.1848303878,2.0,0.3010299956639812,10.999774224566,35.097002,60.0
19261,148.199540603667,4.0,0.6020599913279624,10.999774224566,35.097002,60.0
19262,148.214251549368,2.0,0.3010299956639812,10.999774224566,35.097002,60.0
19263,148.228963224903,3.0,0.47712125471966244,10.999774224566,35.097002,60.0
19264,148.243675630272,4.0,0.6020599913279624,10.999774224566,35.097002,60.0
19265,148.258388765475,0.0,-0.3010299956639812,10.999774224566,35.097002,60.0
19266,148.273102630512,0.0,-0.3010299956639812,10.999774224566,35.097002,60.0
19267,148.28781722538298,3.0,0.47712125471966244,10.999774224566,35.097002,60.0
19268,148.302532550088,3.0,0.47712125471966244,10.999774224566,35.097002,60.0
19269,148.31724860462697,2.0,0.3010299956639812,10.999774224566,35.097002,60.0
19270,148.331965389,1.0,0.0,10.999774224566,35.097002,60.0
19271,148.346682903207,4.0,0.6020599913279624,10.999774224566,35.097002,60.0
19272,148.361401147248,1.0,0.0,10.999774224566,35.097002,60.0
19273,148.376120121123,2.0,0.3010299956639812,10.999774224566,35.097002,60.0
19274,148.390839824832,0.0,-0.3010299956639812,10.999774224566,35.097002,60.0
19275,148.405560258375,1.0,0.0,10.999774224566,35.097002,60.0
19276,148.42028142175198,2.0,0.3010299956639812,10.999774224566,35.097002,60.0
19277,148.43500331496298,0.0,-0.3010299956639812,10.999774224566,35.097002,60.0
19278,148.44972593800802,3.0,0.47712125471966244,10.999774224566,35.097002,60.0
19279,148.464449290887,4.0,0.6020599913279624,10.999774224566,35.097002,60.0
19280,148.4791733736,3.0,0.47712125471966244,10.999774224566,35.097002,60.0
19281,148.493898186147,0.0,-0.3010299956639812,10.999774224566,35.097002,60.0
