half_width_bins,pair,purpose,expected_ratio,ratio_at_11eV
6,127/129,known chlorine pair,3.1,0.017740418528097813
6,99/101,known chlorine pair,3.1,0.7929515418502202
6,128/130,known chlorine pair,3.1,4.627263405309377
6,146/144,I146/I144 test,0.32,0.2573099415204678
6,148/146,I148/I146 test,0.32,0.1746880570409982
8,127/129,known chlorine pair,3.1,0.017558011049723758
8,99/101,known chlorine pair,3.1,0.6640926640926641
8,128/130,known chlorine pair,3.1,4.686974937064551
8,146/144,I146/I144 test,0.32,0.2629331154603186
8,148/146,I148/I146 test,0.32,0.17344632768361581
10,127/129,known chlorine pair,3.1,0.017958267990939185
10,99/101,known chlorine pair,3.1,0.6021505376344086
10,128/130,known chlorine pair,3.1,4.683987552189614
10,146/144,I146/I144 test,0.32,0.2620613632188132
10,148/146,I148/I146 test,0.32,0.17442512619181155
12,127/129,known chlorine pair,3.1,0.017824556830031285
12,99/101,known chlorine pair,3.1,0.5672727272727273
12,128/130,known chlorine pair,3.1,4.684122883275582
12,146/144,I146/I144 test,0.32,0.2618027323004798
12,148/146,I148/I146 test,0.32,0.1740346950195859
