segment,file,energy_eV,energy_round_2,io_nA,time_s,127,129,numerator_channel,denominator_channel,corrected_ratio,old_window_ratio,pair,expected_ratio,purpose,99,101,128,130,144,146,148
PIE,C25032408-0000.txt,7.999818767948,8.0,67.399146,60.0,2.0,33.0,127,129,0.06060606060606061,0.0,127/129,3.1,known chlorine pair,,,,,,,
PIE,C25032408-0001.txt,8.04987526035,8.05,63.207115,60.0,4.0,59.0,127,129,0.06779661016949153,0.0,127/129,3.1,known chlorine pair,,,,,,,
PIE,C25032408-0002.txt,8.099759461212,8.1,59.251542,60.0,2.0,76.0,127,129,0.02631578947368421,0.25,127/129,3.1,known chlorine pair,,,,,,,
PIE,C25032408-0003.txt,8.149904620949,8.15,55.455084,60.0,3.0,382.0,127,129,0.007853403141361256,0.0,127/129,3.1,known chlorine pair,,,,,,,
PIE,C25032408-0004.txt,8.199799691224,8.2,52.358665,60.0,6.0,545.4999999999998,127,129,0.010999083409715862,0.04,127/129,3.1,known chlorine pair,,,,,,,
PIE,C25032408-0005.txt,8.249635424306,8.25,49.361552,60.0,7.0,812.4999999999998,127,129,0.008615384615384618,0.13636363636363635,127/129,3.1,known chlorine pair,,,,,,,
PIE,C25032408-0006.txt,8.299986992141,8.3,47.492741,60.0,10.0,979.7499999999999,127,129,0.010206685378923197,0.02702702702702703,127/129,3.1,known chlorine pair,,,,,,,
PIE,C25032408-0007.txt,8.34988730589,8.35,45.203994,60.0,11.0,1134.2500000000002,127,129,0.009698038351333479,0.06060606060606061,127/129,3.1,known chlorine pair,,,,,,,
PIE,C25032408-0008.txt,8.399747284514,8.4,42.973004,60.0,13.0,1232.7499999999998,127,129,0.010545528290407627,0.04918032786885246,127/129,3.1,known chlorine pair,,,,,,,
PIE,C25032408-0009.txt,8.450026051949,8.45,41.044327,60.0,11.0,1372.4999999999998,127,129,0.00801457194899818,0.10204081632653061,127/129,3.1,known chlorine pair,,,,,,,
PIE,C25032408-0010.txt,8.49974581444,8.5,39.395726,60.0,11.0,1387.0,127,129,0.007930785868781542,0.06818181818181818,127/129,3.1,known chlorine pair,,,,,,,
PIE,C25032408-0011.txt,8.549727661502,8.55,37.983414,60.0,24.0,1417.7500000000002,127,129,0.01692823135249515,0.05084745762711865,127/129,3.1,known chlorine pair,,,,,,,
PIE,C25032408-0012.txt,8.600027930899,8.6,36.594812,60.0,31.0,1415.0,127,129,0.021908127208480566,0.04,127/129,3.1,known chlorine pair,,,,,,,
PIE,C25032408-0013.txt,8.649703032006,8.65,35.346115,60.0,22.0,1580.7500000000002,127,129,0.013917444251146606,0.01694915254237288,127/129,3.1,known chlorine pair,,,,,,,
PIE,C25032408-0014.txt,8.699999421662,8.7,34.872098,60.0,40.0,1823.7500000000002,127,129,0.021932830705962986,0.03076923076923077,127/129,3.1,known chlorine pair,,,,,,,
PIE,C25032408-0015.txt,8.750081257056,8.75,34.027501,60.0,49.75,2012.0,127,129,0.024726640159045726,0.022988505747126436,127/129,3.1,known chlorine pair,,,,,,,
PIE,C25032408-0016.txt,8.799780579665,8.8,33.24118,60.0,51.0,2156.7500000000005,127,129,0.023646690622464352,0.060240963855421686,127/129,3.1,known chlorine pair,,,,,,,
PIE,C25032408-0017.txt,8.84988040432,8.85,32.547186,60.0,46.0,2378.9999999999995,127,129,0.019335855401429177,0.043859649122807015,127/129,3.1,known chlorine pair,,,,,,,
PIE,C25032408-0018.txt,8.899615701493,8.9,31.921771,60.0,62.49999999999999,2831.5000000000005,127,129,0.022073106127494253,0.05737704918032787,127/129,3.1,known chlorine pair,,,,,,,
PIE,C25032408-0019.txt,8.949524337097,8.95,31.39593,60.0,49.25,2837.2500000000005,127,129,0.01735835756454313,0.047619047619047616,127/129,3.1,known chlorine pair,,,,,,,
PIE,C25032408-0020.txt,8.99952406689,9.0,31.087777,60.0,47.0,3210.7500000000005,127,129,0.014638324379039164,0.04,127/129,3.1,known chlorine pair,,,,,,,
PIE,C25032408-0021.txt,9.049958386834,9.05,31.079472,60.0,81.75000000000001,3670.25,127,129,0.02227368707853689,0.06535947712418301,127/129,3.1,known chlorine pair,,,,,,,
PIE,C25032408-0022.txt,9.099851546561,9.1,31.075756,60.0,73.25,4239.500000000001,127,129,0.01727798089397334,0.03867403314917127,127/129,3.1,known chlorine pair,,,,,,,
PIE,C25032408-0023.txt,9.149875189035,9.15,30.830737,60.0,94.25000000000001,4328.5,127,129,0.021774286704401066,0.055900621118012424,127/129,3.1,known chlorine pair,,,,,,,
PIE,C25032408-0024.txt,9.199712243097,9.2,30.637608,60.0,86.0,4729.25,127,129,0.018184701591161388,0.05056179775280899,127/129,3.1,known chlorine pair,,,,,,,
PIE,C25032408-0025.txt,9.249879181274,9.25,30.747353,60.0,83.0,4702.499999999999,127,129,0.017650186071238708,0.03783783783783784,127/129,3.1,known chlorine pair,,,,,,,
PIE,C25032408-0026.txt,9.300545859698,9.3,30.720981,60.0,85.0,4735.500000000001,127,129,0.017949530144652094,0.06153846153846154,127/129,3.1,known chlorine pair,,,,,,,
PIE,C25032408-0027.txt,9.349869037348,9.35,30.653413,60.0,91.25000000000001,4909.500000000001,127,129,0.0185864140951217,0.06635071090047394,127/129,3.1,known chlorine pair,,,,,,,
PIE,C25032408-0028.txt,9.399700994344,9.4,30.690671,60.0,105.25,5549.749999999999,127,129,0.018964818235055636,0.02631578947368421,127/129,3.1,known chlorine pair,,,,,,,
PIE,C25032408-0029.txt,9.449997612188,9.45,31.132822,60.0,106.5,6185.500000000001,127,129,0.01721768652493735,0.044444444444444446,127/129,3.1,known chlorine pair,,,,,,,
PIE,C25032408-0030.txt,9.499626118444,9.5,31.2309,60.0,125.5,6554.75,127,129,0.019146420534726726,0.03875968992248062,127/129,3.1,known chlorine pair,,,,,,,
PIE,C25032408-0031.txt,9.549938027219,9.55,31.298981,60.0,137.0,6548.249999999999,127,129,0.020921620280227544,0.037037037037037035,127/129,3.1,known chlorine pair,,,,,,,
PIE,C25032408-0032.txt,9.599801375134,9.6,31.405314,60.0,124.0,7342.749999999999,127,129,0.01688740594463927,0.05120481927710843,127/129,3.1,known chlorine pair,,,,,,,
PIE,C25032408-0033.txt,9.649862673798,9.65,31.563096,60.0,133.0,7741.000000000001,127,129,0.017181242733496964,0.05345911949685535,127/129,3.1,known chlorine pair,,,,,,,
PIE,C25032408-0034.txt,9.699864158557,9.7,31.745896,60.0,155.0,8351.25,127,129,0.01856009579404281,0.055710306406685235,127/129,3.1,known chlorine pair,,,,,,,
PIE,C25032408-0035.txt,9.749888100517,9.75,31.891374,60.0,170.50000000000003,8888.250000000002,127,129,0.01918262875144151,0.05042016806722689,127/129,3.1,known chlorine pair,,,,,,,
PIE,C25032408-0036.txt,9.799852543566,9.8,32.11161,60.0,167.75000000000003,9537.75,127,129,0.01758800555686614,0.04450261780104712,127/129,3.1,known chlorine pair,,,,,,,
PIE,C25032408-0037.txt,9.849446267609,9.85,32.788333,60.0,161.25000000000003,10812.75,127,129,0.014912949989595619,0.05652173913043478,127/129,3.1,known chlorine pair,,,,,,,
PIE,C25032408-0038.txt,9.899449350301,9.9,33.039819,60.0,198.0,12155.000000000002,127,129,0.016289592760180993,0.06451612903225806,127/129,3.1,known chlorine pair,,,,,,,
PIE,C25032408-0039.txt,9.949482147023,9.95,33.291539,60.0,214.0,12552.75,127,129,0.017048057198621815,0.04174573055028463,127/129,3.1,known chlorine pair,,,,,,,
PIE,C25032408-0040.txt,10.000042672382,10.0,33.656159,60.0,212.0,12566.75,127,129,0.016869914655738356,0.04753199268738574,127/129,3.1,known chlorine pair,,,,,,,
PIE,C25032408-0041.txt,10.049825131049,10.05,34.020819,60.0,222.24999999999997,12801.0,127,129,0.01736192484962112,0.06261859582542695,127/129,3.1,known chlorine pair,,,,,,,
PIE,C25032408-0042.txt,10.099630338128,10.1,34.312554,60.0,218.0,13141.000000000002,127,129,0.01658930066205007,0.03225806451612903,127/129,3.1,known chlorine pair,,,,,,,
PIE,C25032408-0043.txt,10.149691605383,10.15,34.593577,60.0,209.25,13721.999999999998,127,129,0.015249234805421952,0.04814814814814815,127/129,3.1,known chlorine pair,,,,,,,
PIE,C25032408-0044.txt,10.199685958938,10.2,34.870767,60.0,270.49999999999994,14716.75,127,129,0.018380416871931638,0.05921052631578947,127/129,3.1,known chlorine pair,,,,,,,
PIE,C25032408-0045.txt,10.249420454674,10.25,35.612388,60.0,267.50000000000006,16096.750000000002,127,129,0.016618261450292764,0.05958132045088567,127/129,3.1,known chlorine pair,,,,,,,
PIE,C25032408-0046.txt,10.299436358234,10.3,35.75966,60.0,250.0,16927.499999999996,127,129,0.014768867227883625,0.057104913678618856,127/129,3.1,known chlorine pair,,,,,,,
PIE,C25032408-0047.txt,10.350026002527,10.35,36.067605,60.0,239.0,15665.5,127,129,0.015256455267945486,0.05669291338582677,127/129,3.1,known chlorine pair,,,,,,,
PIE,C25032408-0048.txt,10.400169849082,10.4,36.263519,60.0,228.75,15660.25,127,129,0.01460704650308903,0.0670926517571885,127/129,3.1,known chlorine pair,,,,,,,
PIE,C25032408-0049.txt,10.449550798537,10.45,36.399063,60.0,268.99999999999994,17106.750000000004,127,129,0.015724786999283903,0.07280219780219781,127/129,3.1,known chlorine pair,,,,,,,
PIE,C25032408-0050.txt,10.499938091892,10.5,36.521821,60.0,296.50000000000006,17648.0,127,129,0.01680077062556664,0.0577716643741403,127/129,3.1,known chlorine pair,,,,,,,
PIE,C25032408-0051.txt,10.549365590316,10.55,36.499207,60.0,303.5,19110.75,127,129,0.015881114032677942,0.04846938775510204,127/129,3.1,known chlorine pair,,,,,,,
PIE,C25032408-0052.txt,10.599478795775,10.6,36.575619,60.0,295.00000000000006,19126.749999999996,127,129,0.01542342530748821,0.06114130434782609,127/129,3.1,known chlorine pair,,,,,,,
PIE,C25032408-0053.txt,10.649784070789,10.65,36.940999,60.0,318.0,20010.249999999993,127,129,0.015891855424095158,0.058682634730538925,127/129,3.1,known chlorine pair,,,,,,,
PIE,C25032408-0054.txt,10.699679832385,10.7,37.22823,60.0,341.00000000000006,22266.5,127,129,0.015314485886870413,0.05579868708971553,127/129,3.1,known chlorine pair,,,,,,,
PIE,C25032408-0055.txt,10.749865813981,10.75,37.18171,60.0,367.00000000000006,21076.999999999996,127,129,0.017412345210418945,0.05011389521640091,127/129,3.1,known chlorine pair,,,,,,,
PIE,C25032408-0056.txt,10.799981194254,10.8,37.142381,60.0,297.74999999999994,19238.250000000004,127,129,0.015476979454992002,0.05412054120541206,127/129,3.1,known chlorine pair,,,,,,,
PIE,C25032408-0057.txt,10.849857364987,10.85,37.014774,60.0,354.00000000000006,21236.75,127,129,0.01666921727665486,0.06157112526539278,127/129,3.1,known chlorine pair,,,,,,,
PIE,C25032408-0058.txt,10.899550385289,10.9,36.664425,60.0,363.5,22351.250000000004,127,129,0.016263072535093112,0.0570801317233809,127/129,3.1,known chlorine pair,,,,,,,
PIE,C25032408-0059.txt,10.949840384719,10.95,36.170676,60.0,341.75,22383.249999999996,127,129,0.015268113433035866,0.0721205597416577,127/129,3.1,known chlorine pair,,,,,,,
PIE,C25032408-0060.txt,10.999774224566,11.0,35.097002,60.0,412.24999999999994,22956.0,127,129,0.017958267990939185,0.06313645621181263,127/129,3.1,known chlorine pair,,,,,,,
PIE-2,C25032408-0000.txt,6.999828752256,7.0,174.35496,90.0,0.0,0.0,127,129,,,127/129,3.1,known chlorine pair,,,,,,,
PIE-2,C25032408-0001.txt,7.04988730428,7.05,173.671785,90.0,0.0,0.0,127,129,,,127/129,3.1,known chlorine pair,,,,,,,
PIE-2,C25032408-0002.txt,7.099795745079,7.1,174.883215,90.0,0.0,3.0,127,129,0.0,,127/129,3.1,known chlorine pair,,,,,,,
PIE-2,C25032408-0003.txt,7.149889707175,7.15,172.455035,90.0,1.0,0.0,127,129,,,127/129,3.1,known chlorine pair,,,,,,,
PIE-2,C25032408-0004.txt,7.19991034869,7.2,169.802088,90.0,0.0,0.0,127,129,,,127/129,3.1,known chlorine pair,,,,,,,
PIE-2,C25032408-0005.txt,7.250064184756,7.25,166.672006,90.0,0.0,1.0,127,129,0.0,,127/129,3.1,known chlorine pair,,,,,,,
PIE-2,C25032408-0006.txt,7.299700501699,7.3,162.885659,90.0,0.0,1.0,127,129,0.0,,127/129,3.1,known chlorine pair,,,,,,,
PIE-2,C25032408-0007.txt,7.349832338566,7.35,160.285639,90.0,0.0,3.0,127,129,0.0,,127/129,3.1,known chlorine pair,,,,,,,
PIE-2,C25032408-0008.txt,7.400008822483,7.4,159.120037,90.0,0.0,3.0,127,129,0.0,,127/129,3.1,known chlorine pair,,,,,,,
PIE-2,C25032408-0009.txt,7.449689499187,7.45,155.682774,90.0,1.0,14.0,127,129,0.07142857142857142,0.0,127/129,3.1,known chlorine pair,,,,,,,
PIE-2,C25032408-0010.txt,7.499987143229,7.5,151.251793,90.0,0.0,17.0,127,129,0.0,0.0,127/129,3.1,known chlorine pair,,,,,,,
PIE-2,C25032408-0011.txt,7.549717702634,7.55,146.026598,90.0,0.0,14.0,127,129,0.0,,127/129,3.1,known chlorine pair,,,,,,,
PIE-2,C25032408-0012.txt,7.599798125832,7.6,140.631557,90.0,0.0,14.0,127,129,0.0,0.0,127/129,3.1,known chlorine pair,,,,,,,
PIE-2,C25032408-0013.txt,7.64997915898,7.65,135.117906,90.0,0.0,14.0,127,129,0.0,0.5,127/129,3.1,known chlorine pair,,,,,,,
PIE-2,C25032408-0014.txt,7.699952208382,7.7,130.688406,90.0,0.0,22.0,127,129,0.0,0.0,127/129,3.1,known chlorine pair,,,,,,,
PIE-2,C25032408-0015.txt,7.749917611124,7.75,124.55151,90.0,1.0,22.0,127,129,0.045454545454545456,,127/129,3.1,known chlorine pair,,,,,,,
PIE-2,C25032408-0016.txt,7.799968599829,7.8,117.443075,90.0,1.0,26.0,127,129,0.038461538461538464,0.5,127/129,3.1,known chlorine pair,,,,,,,
PIE-2,C25032408-0017.txt,7.84971295795,7.85,110.953401,90.0,2.0,28.0,127,129,0.07142857142857142,0.0,127/129,3.1,known chlorine pair,,,,,,,
PIE-2,C25032408-0018.txt,7.899829267412,7.9,104.184818,90.0,2.0,26.0,127,129,0.07692307692307693,,127/129,3.1,known chlorine pair,,,,,,,
PIE-2,C25032408-0019.txt,7.949939125725,7.95,98.361122,90.0,2.0,30.0,127,129,0.06666666666666667,0.0,127/129,3.1,known chlorine pair,,,,,,,
PIE-2,C25032408-0020.txt,7.99973177999,8.0,92.489466,90.0,1.0,24.0,127,129,0.041666666666666664,,127/129,3.1,known chlorine pair,,,,,,,
PIE-2,C25032408-0021.txt,8.050038842534,8.05,86.044697,90.0,2.0,26.0,127,129,0.07692307692307693,0.0,127/129,3.1,known chlorine pair,,,,,,,
PIE-2,C25032408-0022.txt,8.100026997938,8.1,80.299656,90.0,3.0,34.0,127,129,0.08823529411764706,0.75,127/129,3.1,known chlorine pair,,,,,,,
PIE,C25032408-0000.txt,7.999818767948,8.0,67.399146,60.0,,,99,101,0.0,,99/101,3.1,known chlorine pair,0.0,1.0,,,,,
PIE,C25032408-0001.txt,8.04987526035,8.05,63.207115,60.0,,,99,101,,,99/101,3.1,known chlorine pair,0.0,0.0,,,,,
PIE,C25032408-0002.txt,8.099759461212,8.1,59.251542,60.0,,,99,101,,0.0,99/101,3.1,known chlorine pair,1.0,0.0,,,,,
PIE,C25032408-0003.txt,8.149904620949,8.15,55.455084,60.0,,,99,101,,,99/101,3.1,known chlorine pair,0.0,0.0,,,,,
PIE,C25032408-0004.txt,8.199799691224,8.2,52.358665,60.0,,,99,101,,,99/101,3.1,known chlorine pair,0.0,0.0,,,,,
PIE,C25032408-0005.txt,8.249635424306,8.25,49.361552,60.0,,,99,101,0.0,,99/101,3.1,known chlorine pair,0.0,1.0,,,,,
PIE,C25032408-0006.txt,8.299986992141,8.3,47.492741,60.0,,,99,101,,,99/101,3.1,known chlorine pair,2.0,0.0,,,,,
PIE,C25032408-0007.txt,8.34988730589,8.35,45.203994,60.0,,,99,101,1.0,0.0,99/101,3.1,known chlorine pair,1.0,1.0,,,,,
PIE,C25032408-0008.txt,8.399747284514,8.4,42.973004,60.0,,,99,101,0.0,,99/101,3.1,known chlorine pair,0.0,2.0,,,,,
PIE,C25032408-0009.txt,8.450026051949,8.45,41.044327,60.0,,,99,101,0.6666666666666666,,99/101,3.1,known chlorine pair,2.0,3.0,,,,,
PIE,C25032408-0010.txt,8.49974581444,8.5,39.395726,60.0,,,99,101,1.6666666666666667,0.0,99/101,3.1,known chlorine pair,5.0,3.0,,,,,
PIE,C25032408-0011.txt,8.549727661502,8.55,37.983414,60.0,,,99,101,0.75,0.0,99/101,3.1,known chlorine pair,3.0,4.0,,,,,
PIE,C25032408-0012.txt,8.600027930899,8.6,36.594812,60.0,,,99,101,1.5,,99/101,3.1,known chlorine pair,6.0,4.0,,,,,
PIE,C25032408-0013.txt,8.649703032006,8.65,35.346115,60.0,,,99,101,2.0,,99/101,3.1,known chlorine pair,2.0,1.0,,,,,
PIE,C25032408-0014.txt,8.699999421662,8.7,34.872098,60.0,,,99,101,0.2857142857142857,1.0,99/101,3.1,known chlorine pair,2.0,7.0,,,,,
PIE,C25032408-0015.txt,8.750081257056,8.75,34.027501,60.0,,,99,101,0.8333333333333334,,99/101,3.1,known chlorine pair,5.0,6.0,,,,,
PIE,C25032408-0016.txt,8.799780579665,8.8,33.24118,60.0,,,99,101,1.0,1.0,99/101,3.1,known chlorine pair,5.0,5.0,,,,,
PIE,C25032408-0017.txt,8.84988040432,8.85,32.547186,60.0,,,99,101,0.5,,99/101,3.1,known chlorine pair,3.0,6.0,,,,,
PIE,C25032408-0018.txt,8.899615701493,8.9,31.921771,60.0,,,99,101,1.125,1.25,99/101,3.1,known chlorine pair,9.0,8.0,,,,,
PIE,C25032408-0019.txt,8.949524337097,8.95,31.39593,60.0,,,99,101,1.1428571428571428,0.5,99/101,3.1,known chlorine pair,8.0,7.0,,,,,
PIE,C25032408-0020.txt,8.99952406689,9.0,31.087777,60.0,,,99,101,0.3333333333333333,1.5,99/101,3.1,known chlorine pair,4.0,12.0,,,,,
PIE,C25032408-0021.txt,9.049958386834,9.05,31.079472,60.0,,,99,101,0.6,1.0,99/101,3.1,known chlorine pair,9.0,15.0,,,,,
PIE,C25032408-0022.txt,9.099851546561,9.1,31.075756,60.0,,,99,101,0.3333333333333333,0.2857142857142857,99/101,3.1,known chlorine pair,6.0,18.0,,,,,
PIE,C25032408-0023.txt,9.149875189035,9.15,30.830737,60.0,,,99,101,0.25,0.75,99/101,3.1,known chlorine pair,5.0,20.0,,,,,
PIE,C25032408-0024.txt,9.199712243097,9.2,30.637608,60.0,,,99,101,0.5263157894736842,1.8,99/101,3.1,known chlorine pair,5.0,9.5,,,,,
PIE,C25032408-0025.txt,9.249879181274,9.25,30.747353,60.0,,,99,101,0.8125,1.3333333333333333,99/101,3.1,known chlorine pair,13.0,16.0,,,,,
PIE,C25032408-0026.txt,9.300545859698,9.3,30.720981,60.0,,,99,101,0.6923076923076923,3.0,99/101,3.1,known chlorine pair,9.0,13.0,,,,,
PIE,C25032408-0027.txt,9.349869037348,9.35,30.653413,60.0,,,99,101,0.06250000000000001,0.25,99/101,3.1,known chlorine pair,1.5000000000000002,24.0,,,,,
PIE,C25032408-0028.txt,9.399700994344,9.4,30.690671,60.0,,,99,101,0.3870967741935484,2.0,99/101,3.1,known chlorine pair,12.0,31.0,,,,,
PIE,C25032408-0029.txt,9.449997612188,9.45,31.132822,60.0,,,99,101,3.3333333333333335,0.5,99/101,3.1,known chlorine pair,15.0,4.5,,,,,
PIE,C25032408-0030.txt,9.499626118444,9.5,31.2309,60.0,,,99,101,0.5384615384615384,3.0,99/101,3.1,known chlorine pair,14.0,26.0,,,,,
PIE,C25032408-0031.txt,9.549938027219,9.55,31.298981,60.0,,,99,101,0.5238095238095238,0.625,99/101,3.1,known chlorine pair,11.0,21.0,,,,,
PIE,C25032408-0032.txt,9.599801375134,9.6,31.405314,60.0,,,99,101,0.16483516483516483,2.6666666666666665,99/101,3.1,known chlorine pair,3.7499999999999996,22.749999999999996,,,,,
PIE,C25032408-0033.txt,9.649862673798,9.65,31.563096,60.0,,,99,101,0.5866666666666668,0.7692307692307693,99/101,3.1,known chlorine pair,11.0,18.749999999999996,,,,,
PIE,C25032408-0034.txt,9.699864158557,9.7,31.745896,60.0,,,99,101,1.4074074074074074,1.1428571428571428,99/101,3.1,known chlorine pair,19.0,13.5,,,,,
PIE,C25032408-0035.txt,9.749888100517,9.75,31.891374,60.0,,,99,101,0.4144144144144144,1.8571428571428572,99/101,3.1,known chlorine pair,11.5,27.75,,,,,
PIE,C25032408-0036.txt,9.799852543566,9.8,32.11161,60.0,,,99,101,0.9056603773584906,0.8888888888888888,99/101,3.1,known chlorine pair,24.0,26.5,,,,,
PIE,C25032408-0037.txt,9.849446267609,9.85,32.788333,60.0,,,99,101,0.4067796610169492,1.0,99/101,3.1,known chlorine pair,12.0,29.5,,,,,
PIE,C25032408-0038.txt,9.899449350301,9.9,33.039819,60.0,,,99,101,0.3626373626373627,0.7777777777777778,99/101,3.1,known chlorine pair,16.5,45.49999999999999,,,,,
PIE,C25032408-0039.txt,9.949482147023,9.95,33.291539,60.0,,,99,101,0.47368421052631576,0.5,99/101,3.1,known chlorine pair,15.75,33.25,,,,,
PIE,C25032408-0040.txt,10.000042672382,10.0,33.656159,60.0,,,99,101,0.6041666666666666,0.7692307692307693,99/101,3.1,known chlorine pair,29.0,48.0,,,,,
PIE,C25032408-0041.txt,10.049825131049,10.05,34.020819,60.0,,,99,101,0.5419354838709678,1.0,99/101,3.1,known chlorine pair,21.0,38.75,,,,,
PIE,C25032408-0042.txt,10.099630338128,10.1,34.312554,60.0,,,99,101,1.745762711864407,1.0,99/101,3.1,known chlorine pair,25.75,14.749999999999998,,,,,
PIE,C25032408-0043.txt,10.149691605383,10.15,34.593577,60.0,,,99,101,0.4103773584905661,2.6666666666666665,99/101,3.1,known chlorine pair,21.750000000000004,53.0,,,,,
PIE,C25032408-0044.txt,10.199685958938,10.2,34.870767,60.0,,,99,101,0.2546296296296297,0.9166666666666666,99/101,3.1,known chlorine pair,13.750000000000004,54.0,,,,,
PIE,C25032408-0045.txt,10.249420454674,10.25,35.612388,60.0,,,99,101,0.9041095890410961,0.625,99/101,3.1,known chlorine pair,33.0,36.49999999999999,,,,,
PIE,C25032408-0046.txt,10.299436358234,10.3,35.75966,60.0,,,99,101,0.18823529411764708,1.1875,99/101,3.1,known chlorine pair,8.0,42.49999999999999,,,,,
PIE,C25032408-0047.txt,10.350026002527,10.35,36.067605,60.0,,,99,101,0.852791878172589,1.2307692307692308,99/101,3.1,known chlorine pair,42.0,49.24999999999999,,,,,
PIE,C25032408-0048.txt,10.400169849082,10.4,36.263519,60.0,,,99,101,0.4611398963730571,1.2727272727272727,99/101,3.1,known chlorine pair,22.250000000000004,48.25,,,,,
PIE,C25032408-0049.txt,10.449550798537,10.45,36.399063,60.0,,,99,101,0.20725388601036268,1.0,99/101,3.1,known chlorine pair,10.0,48.25,,,,,
PIE,C25032408-0050.txt,10.499938091892,10.5,36.521821,60.0,,,99,101,0.5763546798029556,0.75,99/101,3.1,known chlorine pair,29.25,50.75,,,,,
PIE,C25032408-0051.txt,10.549365590316,10.55,36.499207,60.0,,,99,101,0.8294117647058825,0.8571428571428571,99/101,3.1,known chlorine pair,35.25,42.49999999999999,,,,,
PIE,C25032408-0052.txt,10.599478795775,10.6,36.575619,60.0,,,99,101,0.746938775510204,1.3636363636363635,99/101,3.1,known chlorine pair,45.75,61.25000000000001,,,,,
PIE,C25032408-0053.txt,10.649784070789,10.65,36.940999,60.0,,,99,101,0.9565217391304348,0.5,99/101,3.1,known chlorine pair,44.0,46.0,,,,,
PIE,C25032408-0054.txt,10.699679832385,10.7,37.22823,60.0,,,99,101,0.5023255813953489,1.0526315789473684,99/101,3.1,known chlorine pair,27.0,53.75,,,,,
PIE,C25032408-0055.txt,10.749865813981,10.75,37.18171,60.0,,,99,101,0.875,1.1764705882352942,99/101,3.1,known chlorine pair,49.0,56.0,,,,,
PIE,C25032408-0056.txt,10.799981194254,10.8,37.142381,60.0,,,99,101,0.9135802469135802,1.2380952380952381,99/101,3.1,known chlorine pair,55.5,60.75,,,,,
PIE,C25032408-0057.txt,10.849857364987,10.85,37.014774,60.0,,,99,101,0.6164383561643836,0.9047619047619048,99/101,3.1,known chlorine pair,45.0,73.0,,,,,
PIE,C25032408-0058.txt,10.899550385289,10.9,36.664425,60.0,,,99,101,0.5648854961832062,0.9230769230769231,99/101,3.1,known chlorine pair,37.0,65.5,,,,,
PIE,C25032408-0059.txt,10.949840384719,10.95,36.170676,60.0,,,99,101,1.0,0.8461538461538461,99/101,3.1,known chlorine pair,64.0,64.0,,,,,
PIE,C25032408-0060.txt,10.999774224566,11.0,35.097002,60.0,,,99,101,0.6021505376344086,0.8181818181818182,99/101,3.1,known chlorine pair,42.0,69.75,,,,,
PIE-2,C25032408-0000.txt,6.999828752256,7.0,174.35496,90.0,,,99,101,,,99/101,3.1,known chlorine pair,0.0,0.0,,,,,
PIE-2,C25032408-0001.txt,7.04988730428,7.05,173.671785,90.0,,,99,101,,,99/101,3.1,known chlorine pair,0.0,0.0,,,,,
PIE-2,C25032408-0002.txt,7.099795745079,7.1,174.883215,90.0,,,99,101,,,99/101,3.1,known chlorine pair,0.0,0.0,,,,,
PIE-2,C25032408-0003.txt,7.149889707175,7.15,172.455035,90.0,,,99,101,,,99/101,3.1,known chlorine pair,0.0,0.0,,,,,
PIE-2,C25032408-0004.txt,7.19991034869,7.2,169.802088,90.0,,,99,101,,,99/101,3.1,known chlorine pair,0.0,0.0,,,,,
PIE-2,C25032408-0005.txt,7.250064184756,7.25,166.672006,90.0,,,99,101,,,99/101,3.1,known chlorine pair,0.0,0.0,,,,,
PIE-2,C25032408-0006.txt,7.299700501699,7.3,162.885659,90.0,,,99,101,0.0,,99/101,3.1,known chlorine pair,0.0,1.0,,,,,
PIE-2,C25032408-0007.txt,7.349832338566,7.35,160.285639,90.0,,,99,101,,0.0,99/101,3.1,known chlorine pair,0.0,0.0,,,,,
PIE-2,C25032408-0008.txt,7.400008822483,7.4,159.120037,90.0,,,99,101,,,99/101,3.1,known chlorine pair,0.0,0.0,,,,,
PIE-2,C25032408-0009.txt,7.449689499187,7.45,155.682774,90.0,,,99,101,,0.0,99/101,3.1,known chlorine pair,0.0,0.0,,,,,
PIE-2,C25032408-0010.txt,7.499987143229,7.5,151.251793,90.0,,,99,101,,,99/101,3.1,known chlorine pair,0.0,0.0,,,,,
PIE-2,C25032408-0011.txt,7.549717702634,7.55,146.026598,90.0,,,99,101,,,99/101,3.1,known chlorine pair,1.0,0.0,,,,,
PIE-2,C25032408-0012.txt,7.599798125832,7.6,140.631557,90.0,,,99,101,,,99/101,3.1,known chlorine pair,0.0,0.0,,,,,
PIE-2,C25032408-0013.txt,7.64997915898,7.65,135.117906,90.0,,,99,101,,,99/101,3.1,known chlorine pair,0.0,0.0,,,,,
PIE-2,C25032408-0014.txt,7.699952208382,7.7,130.688406,90.0,,,99,101,0.0,,99/101,3.1,known chlorine pair,0.0,1.0,,,,,
PIE-2,C25032408-0015.txt,7.749917611124,7.75,124.55151,90.0,,,99,101,,,99/101,3.1,known chlorine pair,0.0,0.0,,,,,
PIE-2,C25032408-0016.txt,7.799968599829,7.8,117.443075,90.0,,,99,101,,,99/101,3.1,known chlorine pair,1.0,0.0,,,,,
PIE-2,C25032408-0017.txt,7.84971295795,7.85,110.953401,90.0,,,99,101,,,99/101,3.1,known chlorine pair,0.0,0.0,,,,,
PIE-2,C25032408-0018.txt,7.899829267412,7.9,104.184818,90.0,,,99,101,,0.0,99/101,3.1,known chlorine pair,0.0,0.0,,,,,
PIE-2,C25032408-0019.txt,7.949939125725,7.95,98.361122,90.0,,,99,101,,,99/101,3.1,known chlorine pair,0.0,0.0,,,,,
PIE-2,C25032408-0020.txt,7.99973177999,8.0,92.489466,90.0,,,99,101,,0.0,99/101,3.1,known chlorine pair,0.0,0.0,,,,,
PIE-2,C25032408-0021.txt,8.050038842534,8.05,86.044697,90.0,,,99,101,,,99/101,3.1,known chlorine pair,1.0,0.0,,,,,
PIE-2,C25032408-0022.txt,8.100026997938,8.1,80.299656,90.0,,,99,101,0.0,,99/101,3.1,known chlorine pair,0.0,1.0,,,,,
PIE,C25032408-0000.txt,7.999818767948,8.0,67.399146,60.0,,,128,130,3.676470588235294,1.0,128/130,3.1,known chlorine pair,,,375.0,102.0,,,
PIE,C25032408-0001.txt,8.04987526035,8.05,63.207115,60.0,,,128,130,4.018867924528302,0.0,128/130,3.1,known chlorine pair,,,426.0,106.0,,,
PIE,C25032408-0002.txt,8.099759461212,8.1,59.251542,60.0,,,128,130,5.435897435897436,0.0,128/130,3.1,known chlorine pair,,,636.0,117.0,,,
PIE,C25032408-0003.txt,8.149904620949,8.15,55.455084,60.0,,,128,130,21.873355263157897,0.0,128/130,3.1,known chlorine pair,,,3324.7500000000005,152.0,,,
PIE,C25032408-0004.txt,8.199799691224,8.2,52.358665,60.0,,,128,130,29.39071856287425,0.125,128/130,3.1,known chlorine pair,,,4908.25,167.0,,,
PIE,C25032408-0005.txt,8.249635424306,8.25,49.361552,60.0,,,128,130,45.25801282051282,0.5714285714285714,128/130,3.1,known chlorine pair,,,7060.249999999999,156.0,,,
PIE,C25032408-0006.txt,8.299986992141,8.3,47.492741,60.0,,,128,130,36.87434002111933,0.5714285714285714,128/130,3.1,known chlorine pair,,,8730.0,236.74999999999997,,,
PIE,C25032408-0007.txt,8.34988730589,8.35,45.203994,60.0,,,128,130,50.073563218390795,0.3,128/130,3.1,known chlorine pair,,,10891.0,217.50000000000003,,,
PIE,C25032408-0008.txt,8.399747284514,8.4,42.973004,60.0,,,128,130,51.49714285714286,0.05,128/130,3.1,known chlorine pair,,,11264.999999999998,218.74999999999994,,,
PIE,C25032408-0009.txt,8.450026051949,8.45,41.044327,60.0,,,128,130,47.40740740740741,0.6666666666666666,128/130,3.1,known chlorine pair,,,11840.0,249.74999999999997,,,
PIE,C25032408-0010.txt,8.49974581444,8.5,39.395726,60.0,,,128,130,43.521383075523204,0.23076923076923078,128/130,3.1,known chlorine pair,,,11957.5,274.75,,,
PIE,C25032408-0011.txt,8.549727661502,8.55,37.983414,60.0,,,128,130,39.392434988179666,0.35294117647058826,128/130,3.1,known chlorine pair,,,12497.25,317.25,,,
PIE,C25032408-0012.txt,8.600027930899,8.6,36.594812,60.0,,,128,130,32.45343137254901,0.18181818181818182,128/130,3.1,known chlorine pair,,,13240.999999999998,408.0,,,
PIE,C25032408-0013.txt,8.649703032006,8.65,35.346115,60.0,,,128,130,18.282485875706207,0.4444444444444444,128/130,3.1,known chlorine pair,,,14561.999999999998,796.5000000000002,,,
PIE,C25032408-0014.txt,8.699999421662,8.7,34.872098,60.0,,,128,130,14.744946236559137,0.12903225806451613,128/130,3.1,known chlorine pair,,,17141.0,1162.5000000000002,,,
PIE,C25032408-0015.txt,8.750081257056,8.75,34.027501,60.0,,,128,130,12.723901323313186,0.36,128/130,3.1,known chlorine pair,,,19470.75,1530.2499999999998,,,
PIE,C25032408-0016.txt,8.799780579665,8.8,33.24118,60.0,,,128,130,9.867446168094467,0.3076923076923077,128/130,3.1,known chlorine pair,,,21308.750000000004,2159.5,,,
PIE,C25032408-0017.txt,8.84988040432,8.85,32.547186,60.0,,,128,130,9.290656799259946,0.4,128/130,3.1,known chlorine pair,,,25107.999999999996,2702.4999999999995,,,
PIE,C25032408-0018.txt,8.899615701493,8.9,31.921771,60.0,,,128,130,8.70812627886583,0.4117647058823529,128/130,3.1,known chlorine pair,,,29790.5,3420.9999999999995,,,
PIE,C25032408-0019.txt,8.949524337097,8.95,31.39593,60.0,,,128,130,8.943987465726597,0.5,128/130,3.1,known chlorine pair,,,28542.5,3191.2499999999995,,,
PIE,C25032408-0020.txt,8.99952406689,9.0,31.087777,60.0,,,128,130,8.690930024306,0.631578947368421,128/130,3.1,known chlorine pair,,,33968.5,3908.5,,,
PIE,C25032408-0021.txt,9.049958386834,9.05,31.079472,60.0,,,128,130,8.268248870502422,0.5,128/130,3.1,known chlorine pair,,,37974.00000000001,4592.750000000001,,,
PIE,C25032408-0022.txt,9.099851546561,9.1,31.075756,60.0,,,128,130,8.373650839746382,0.3076923076923077,128/130,3.1,known chlorine pair,,,43252.0,5165.25,,,
PIE,C25032408-0023.txt,9.149875189035,9.15,30.830737,60.0,,,128,130,7.80173980784212,0.36666666666666664,128/130,3.1,known chlorine pair,,,45066.75,5776.499999999999,,,
PIE,C25032408-0024.txt,9.199712243097,9.2,30.637608,60.0,,,128,130,7.64564237999068,0.43859649122807015,128/130,3.1,known chlorine pair,,,49215.0,6436.999999999999,,,
PIE,C25032408-0025.txt,9.249879181274,9.25,30.747353,60.0,,,128,130,6.943356789521354,0.35384615384615387,128/130,3.1,known chlorine pair,,,49829.0,7176.500000000001,,,
PIE,C25032408-0026.txt,9.300545859698,9.3,30.720981,60.0,,,128,130,6.497240325548036,0.421875,128/130,3.1,known chlorine pair,,,52090.0,8017.250000000001,,,
PIE,C25032408-0027.txt,9.349869037348,9.35,30.653413,60.0,,,128,130,6.2779284402064555,0.3333333333333333,128/130,3.1,known chlorine pair,,,53822.24999999999,8573.25,,,
PIE,C25032408-0028.txt,9.399700994344,9.4,30.690671,60.0,,,128,130,6.130536306116302,0.3939393939393939,128/130,3.1,known chlorine pair,,,61041.75000000001,9956.999999999998,,,
PIE,C25032408-0029.txt,9.449997612188,9.45,31.132822,60.0,,,128,130,5.989406919637941,0.47297297297297297,128/130,3.1,known chlorine pair,,,67990.25,11351.750000000002,,,
PIE,C25032408-0030.txt,9.499626118444,9.5,31.2309,60.0,,,128,130,5.6793218263232434,0.5060240963855421,128/130,3.1,known chlorine pair,,,74197.5,13064.499999999998,,,
PIE,C25032408-0031.txt,9.549938027219,9.55,31.298981,60.0,,,128,130,5.493773707804897,0.4925373134328358,128/130,3.1,known chlorine pair,,,71691.0,13049.499999999998,,,
PIE,C25032408-0032.txt,9.599801375134,9.6,31.405314,60.0,,,128,130,5.406232155967044,0.30952380952380953,128/130,3.1,known chlorine pair,,,82843.74999999999,15323.749999999998,,,
PIE,C25032408-0033.txt,9.649862673798,9.65,31.563096,60.0,,,128,130,5.093419385259187,0.39361702127659576,128/130,3.1,known chlorine pair,,,86417.5,16966.5,,,
PIE,C25032408-0034.txt,9.699864158557,9.7,31.745896,60.0,,,128,130,5.194293759575965,0.5157894736842106,128/130,3.1,known chlorine pair,,,94077.74999999999,18111.75,,,
PIE,C25032408-0035.txt,9.749888100517,9.75,31.891374,60.0,,,128,130,5.138298949500062,0.49514563106796117,128/130,3.1,known chlorine pair,,,101494.24999999999,19752.5,,,
PIE,C25032408-0036.txt,9.799852543566,9.8,32.11161,60.0,,,128,130,5.314179614971172,0.416,128/130,3.1,known chlorine pair,,,108760.0,20466.0,,,
PIE,C25032408-0037.txt,9.849446267609,9.85,32.788333,60.0,,,128,130,5.619279944241952,0.4108527131782946,128/130,3.1,known chlorine pair,,,122951.24999999999,21880.250000000004,,,
PIE,C25032408-0038.txt,9.899449350301,9.9,33.039819,60.0,,,128,130,5.792925210584531,0.29012345679012347,128/130,3.1,known chlorine pair,,,136168.5,23506.000000000004,,,
PIE,C25032408-0039.txt,9.949482147023,9.95,33.291539,60.0,,,128,130,5.714836320455666,0.5034965034965035,128/130,3.1,known chlorine pair,,,141972.24999999997,24842.749999999996,,,
PIE,C25032408-0040.txt,10.000042672382,10.0,33.656159,60.0,,,128,130,5.615726665016094,0.496,128/130,3.1,known chlorine pair,,,141762.00000000003,25243.75,,,
PIE,C25032408-0041.txt,10.049825131049,10.05,34.020819,60.0,,,128,130,5.605395764091269,0.4601226993865031,128/130,3.1,known chlorine pair,,,143777.0,25649.749999999996,,,
PIE,C25032408-0042.txt,10.099630338128,10.1,34.312554,60.0,,,128,130,5.643872418260802,0.4928571428571429,128/130,3.1,known chlorine pair,,,148106.49999999997,26242.0,,,
PIE,C25032408-0043.txt,10.149691605383,10.15,34.593577,60.0,,,128,130,5.62127236580517,0.5895953757225434,128/130,3.1,known chlorine pair,,,156926.25000000003,27916.499999999996,,,
PIE,C25032408-0044.txt,10.199685958938,10.2,34.870767,60.0,,,128,130,5.685266906339984,0.45555555555555555,128/130,3.1,known chlorine pair,,,166837.0,29345.5,,,
PIE,C25032408-0045.txt,10.249420454674,10.25,35.612388,60.0,,,128,130,5.7999366311537095,0.4873096446700508,128/130,3.1,known chlorine pair,,,183053.25,31561.249999999996,,,
PIE,C25032408-0046.txt,10.299436358234,10.3,35.75966,60.0,,,128,130,5.494124563405607,0.5282051282051282,128/130,3.1,known chlorine pair,,,198591.99999999997,36146.25000000001,,,
PIE,C25032408-0047.txt,10.350026002527,10.35,36.067605,60.0,,,128,130,5.570001404867084,0.4166666666666667,128/130,3.1,known chlorine pair,,,178415.5,32031.499999999996,,,
PIE,C25032408-0048.txt,10.400169849082,10.4,36.263519,60.0,,,128,130,5.593596883654403,0.4673913043478261,128/130,3.1,known chlorine pair,,,183800.00000000003,32859.0,,,
PIE,C25032408-0049.txt,10.449550798537,10.45,36.399063,60.0,,,128,130,5.485102433658736,0.39622641509433965,128/130,3.1,known chlorine pair,,,199465.74999999997,36365.00000000001,,,
PIE,C25032408-0050.txt,10.499938091892,10.5,36.521821,60.0,,,128,130,5.2396593209334315,0.4434389140271493,128/130,3.1,known chlorine pair,,,205785.0,39274.49999999999,,,
PIE,C25032408-0051.txt,10.549365590316,10.55,36.499207,60.0,,,128,130,5.186193895150616,0.4032258064516129,128/130,3.1,known chlorine pair,,,226269.75000000006,43629.25000000001,,,
PIE,C25032408-0052.txt,10.599478795775,10.6,36.575619,60.0,,,128,130,5.21957039193936,0.5609756097560976,128/130,3.1,known chlorine pair,,,225861.25,43272.0,,,
PIE,C25032408-0053.txt,10.649784070789,10.65,36.940999,60.0,,,128,130,5.160962965745596,0.6064814814814815,128/130,3.1,known chlorine pair,,,240424.75,46585.24999999999,,,
PIE,C25032408-0054.txt,10.699679832385,10.7,37.22823,60.0,,,128,130,5.011752023550115,0.5476190476190477,128/130,3.1,known chlorine pair,,,271974.0,54267.25,,,
PIE,C25032408-0055.txt,10.749865813981,10.75,37.18171,60.0,,,128,130,5.094597983648492,0.47265625,128/130,3.1,known chlorine pair,,,253927.49999999997,49842.50000000001,,,
PIE,C25032408-0056.txt,10.799981194254,10.8,37.142381,60.0,,,128,130,5.102552095527981,0.6291666666666667,128/130,3.1,known chlorine pair,,,228826.50000000003,44845.49999999999,,,
PIE,C25032408-0057.txt,10.849857364987,10.85,37.014774,60.0,,,128,130,4.9469139291068185,0.4033898305084746,128/130,3.1,known chlorine pair,,,258220.24999999997,52198.25,,,
PIE,C25032408-0058.txt,10.899550385289,10.9,36.664425,60.0,,,128,130,4.7884231450858294,0.5576208178438662,128/130,3.1,known chlorine pair,,,277622.0,57977.75000000001,,,
PIE,C25032408-0059.txt,10.949840384719,10.95,36.170676,60.0,,,128,130,4.755654132376493,0.5218855218855218,128/130,3.1,known chlorine pair,,,277666.00000000006,58386.49999999999,,,
PIE,C25032408-0060.txt,10.999774224566,11.0,35.097002,60.0,,,128,130,4.683987552189614,0.44904458598726116,128/130,3.1,known chlorine pair,,,286356.7500000001,61135.25,,,
PIE-2,C25032408-0000.txt,6.999828752256,7.0,174.35496,90.0,,,128,130,,,128/130,3.1,known chlorine pair,,,0.0,0.0,,,
PIE-2,C25032408-0001.txt,7.04988730428,7.05,173.671785,90.0,,,128,130,,,128/130,3.1,known chlorine pair,,,0.0,0.0,,,
PIE-2,C25032408-0002.txt,7.099795745079,7.1,174.883215,90.0,,,128,130,,,128/130,3.1,known chlorine pair,,,0.0,0.0,,,
PIE-2,C25032408-0003.txt,7.149889707175,7.15,172.455035,90.0,,,128,130,,,128/130,3.1,known chlorine pair,,,1.0,0.0,,,
PIE-2,C25032408-0004.txt,7.19991034869,7.2,169.802088,90.0,,,128,130,0.0,,128/130,3.1,known chlorine pair,,,0.0,1.0,,,
PIE-2,C25032408-0005.txt,7.250064184756,7.25,166.672006,90.0,,,128,130,0.0,,128/130,3.1,known chlorine pair,,,0.0,1.0,,,
PIE-2,C25032408-0006.txt,7.299700501699,7.3,162.885659,90.0,,,128,130,0.0,,128/130,3.1,known chlorine pair,,,0.0,2.0,,,
PIE-2,C25032408-0007.txt,7.349832338566,7.35,160.285639,90.0,,,128,130,0.5714285714285714,,128/130,3.1,known chlorine pair,,,4.0,7.0,,,
PIE-2,C25032408-0008.txt,7.400008822483,7.4,159.120037,90.0,,,128,130,0.7272727272727273,,128/130,3.1,known chlorine pair,,,8.0,11.0,,,
PIE-2,C25032408-0009.txt,7.449689499187,7.45,155.682774,90.0,,,128,130,3.357142857142857,,128/130,3.1,known chlorine pair,,,47.0,14.0,,,
PIE-2,C25032408-0010.txt,7.499987143229,7.5,151.251793,90.0,,,128,130,6.4,,128/130,3.1,known chlorine pair,,,64.0,10.0,,,
PIE-2,C25032408-0011.txt,7.549717702634,7.55,146.026598,90.0,,,128,130,5.642857142857143,,128/130,3.1,known chlorine pair,,,79.0,14.0,,,
PIE-2,C25032408-0012.txt,7.599798125832,7.6,140.631557,90.0,,,128,130,4.842105263157895,,128/130,3.1,known chlorine pair,,,92.0,19.0,,,
PIE-2,C25032408-0013.txt,7.64997915898,7.65,135.117906,90.0,,,128,130,7.923076923076923,,128/130,3.1,known chlorine pair,,,103.0,13.0,,,
PIE-2,C25032408-0014.txt,7.699952208382,7.7,130.688406,90.0,,,128,130,7.333333333333333,,128/130,3.1,known chlorine pair,,,132.0,18.0,,,
PIE-2,C25032408-0015.txt,7.749917611124,7.75,124.55151,90.0,,,128,130,8.61111111111111,1.0,128/130,3.1,known chlorine pair,,,155.0,18.0,,,
PIE-2,C25032408-0016.txt,7.799968599829,7.8,117.443075,90.0,,,128,130,8.047619047619047,0.0,128/130,3.1,known chlorine pair,,,169.0,21.0,,,
PIE-2,C25032408-0017.txt,7.84971295795,7.85,110.953401,90.0,,,128,130,6.962962962962963,1.0,128/130,3.1,known chlorine pair,,,188.0,27.0,,,
PIE-2,C25032408-0018.txt,7.899829267412,7.9,104.184818,90.0,,,128,130,6.068965517241379,0.0,128/130,3.1,known chlorine pair,,,176.0,29.0,,,
PIE-2,C25032408-0019.txt,7.949939125725,7.95,98.361122,90.0,,,128,130,4.764705882352941,0.0,128/130,3.1,known chlorine pair,,,162.0,34.0,,,
PIE-2,C25032408-0020.txt,7.99973177999,8.0,92.489466,90.0,,,128,130,5.228571428571429,0.0,128/130,3.1,known chlorine pair,,,183.0,35.0,,,
PIE-2,C25032408-0021.txt,8.050038842534,8.05,86.044697,90.0,,,128,130,3.8363636363636364,,128/130,3.1,known chlorine pair,,,211.0,55.0,,,
PIE-2,C25032408-0022.txt,8.100026997938,8.1,80.299656,90.0,,,128,130,6.115384615384615,,128/130,3.1,known chlorine pair,,,318.0,52.0,,,
PIE,C25032408-0000.txt,7.999818767948,8.0,67.399146,60.0,,,146,144,0.020356234096692113,3.4285714285714284,146/144,0.32,I146/I144 test,,,,,393.0,8.0,
PIE,C25032408-0001.txt,8.04987526035,8.05,63.207115,60.0,,,146,144,0.020316027088036117,1.7647058823529411,146/144,0.32,I146/I144 test,,,,,443.0,9.0,
PIE,C25032408-0002.txt,8.099759461212,8.1,59.251542,60.0,,,146,144,0.010230179028132993,4.222222222222222,146/144,0.32,I146/I144 test,,,,,391.0,4.0,
PIE,C25032408-0003.txt,8.149904620949,8.15,55.455084,60.0,,,146,144,0.02159827213822894,2.533333333333333,146/144,0.32,I146/I144 test,,,,,463.0,10.0,
PIE,C25032408-0004.txt,8.199799691224,8.2,52.358665,60.0,,,146,144,0.013100436681222707,1.0476190476190477,146/144,0.32,I146/I144 test,,,,,458.0,6.0,
PIE,C25032408-0005.txt,8.249635424306,8.25,49.361552,60.0,,,146,144,0.02510460251046025,1.8666666666666667,146/144,0.32,I146/I144 test,,,,,478.0,12.0,
PIE,C25032408-0006.txt,8.299986992141,8.3,47.492741,60.0,,,146,144,0.02066115702479339,2.6,146/144,0.32,I146/I144 test,,,,,484.0,10.0,
PIE,C25032408-0007.txt,8.34988730589,8.35,45.203994,60.0,,,146,144,0.017341040462427744,1.75,146/144,0.32,I146/I144 test,,,,,519.0,9.0,
PIE,C25032408-0008.txt,8.399747284514,8.4,42.973004,60.0,,,146,144,0.0213903743315508,1.7083333333333333,146/144,0.32,I146/I144 test,,,,,561.0,12.0,
PIE,C25032408-0009.txt,8.450026051949,8.45,41.044327,60.0,,,146,144,0.017892644135188866,1.7407407407407407,146/144,0.32,I146/I144 test,,,,,503.0,9.0,
PIE,C25032408-0010.txt,8.49974581444,8.5,39.395726,60.0,,,146,144,0.03984819734345351,2.3684210526315788,146/144,0.32,I146/I144 test,,,,,527.0,21.0,
PIE,C25032408-0011.txt,8.549727661502,8.55,37.983414,60.0,,,146,144,0.041666666666666664,2.9375,146/144,0.32,I146/I144 test,,,,,600.0,25.0,
PIE,C25032408-0012.txt,8.600027930899,8.6,36.594812,60.0,,,146,144,0.05789235639981907,1.8095238095238095,146/144,0.32,I146/I144 test,,,,,552.7500000000001,32.0,
PIE,C25032408-0013.txt,8.649703032006,8.65,35.346115,60.0,,,146,144,0.06896551724137931,2.608695652173913,146/144,0.32,I146/I144 test,,,,,609.0,42.0,
PIE,C25032408-0014.txt,8.699999421662,8.7,34.872098,60.0,,,146,144,0.06475903614457831,1.6470588235294117,146/144,0.32,I146/I144 test,,,,,664.0,43.0,
PIE,C25032408-0015.txt,8.750081257056,8.75,34.027501,60.0,,,146,144,0.08042488619119878,1.7857142857142858,146/144,0.32,I146/I144 test,,,,,659.0,53.0,
PIE,C25032408-0016.txt,8.799780579665,8.8,33.24118,60.0,,,146,144,0.11094890510948906,2.9523809523809526,146/144,0.32,I146/I144 test,,,,,685.0,76.0,
PIE,C25032408-0017.txt,8.84988040432,8.85,32.547186,60.0,,,146,144,0.11183355006501951,1.4054054054054055,146/144,0.32,I146/I144 test,,,,,769.0,86.0,
PIE,C25032408-0018.txt,8.899615701493,8.9,31.921771,60.0,,,146,144,0.08893454652186673,1.4634146341463414,146/144,0.32,I146/I144 test,,,,,851.7499999999999,75.74999999999999,
PIE,C25032408-0019.txt,8.949524337097,8.95,31.39593,60.0,,,146,144,0.11771844660194175,1.5405405405405406,146/144,0.32,I146/I144 test,,,,,824.0,97.0,
PIE,C25032408-0020.txt,8.99952406689,9.0,31.087777,60.0,,,146,144,0.13388658367911482,2.1944444444444446,146/144,0.32,I146/I144 test,,,,,903.7499999999999,121.0,
PIE,C25032408-0021.txt,9.049958386834,9.05,31.079472,60.0,,,146,144,0.10515921994569244,1.6041666666666667,146/144,0.32,I146/I144 test,,,,,1012.7499999999999,106.5,
PIE,C25032408-0022.txt,9.099851546561,9.1,31.075756,60.0,,,146,144,0.1192411924119241,1.6382978723404256,146/144,0.32,I146/I144 test,,,,,1014.7500000000001,121.0,
PIE,C25032408-0023.txt,9.149875189035,9.15,30.830737,60.0,,,146,144,0.1379001567047235,1.4772727272727273,146/144,0.32,I146/I144 test,,,,,1116.7500000000002,154.0,
PIE,C25032408-0024.txt,9.199712243097,9.2,30.637608,60.0,,,146,144,0.15123194562446898,1.9555555555555555,146/144,0.32,I146/I144 test,,,,,1177.0,178.0,
PIE,C25032408-0025.txt,9.249879181274,9.25,30.747353,60.0,,,146,144,0.17402972749793558,1.5185185185185186,146/144,0.32,I146/I144 test,,,,,1211.0,210.75,
PIE,C25032408-0026.txt,9.300545859698,9.3,30.720981,60.0,,,146,144,0.1773359840954274,2.1627906976744184,146/144,0.32,I146/I144 test,,,,,1257.5000000000002,223.0,
PIE,C25032408-0027.txt,9.349869037348,9.35,30.653413,60.0,,,146,144,0.20758017492711375,1.9272727272727272,146/144,0.32,I146/I144 test,,,,,1286.2499999999998,267.0,
PIE,C25032408-0028.txt,9.399700994344,9.4,30.690671,60.0,,,146,144,0.20892274211099018,2.4047619047619047,146/144,0.32,I146/I144 test,,,,,1378.5000000000002,288.0,
PIE,C25032408-0029.txt,9.449997612188,9.45,31.132822,60.0,,,146,144,0.19330601092896174,1.507936507936508,146/144,0.32,I146/I144 test,,,,,1464.0,283.0,
PIE,C25032408-0030.txt,9.499626118444,9.5,31.2309,60.0,,,146,144,0.21263532073032804,2.2962962962962963,146/144,0.32,I146/I144 test,,,,,1547.2499999999998,329.0,
PIE,C25032408-0031.txt,9.549938027219,9.55,31.298981,60.0,,,146,144,0.2185151788397956,2.5,146/144,0.32,I146/I144 test,,,,,1663.4999999999998,363.49999999999994,
PIE,C25032408-0032.txt,9.599801375134,9.6,31.405314,60.0,,,146,144,0.24944408109875743,2.440677966101695,146/144,0.32,I146/I144 test,,,,,1911.2499999999998,476.75000000000006,
PIE,C25032408-0033.txt,9.649862673798,9.65,31.563096,60.0,,,146,144,0.2236102435977514,2.0317460317460316,146/144,0.32,I146/I144 test,,,,,2001.2500000000002,447.5,
PIE,C25032408-0034.txt,9.699864158557,9.7,31.745896,60.0,,,146,144,0.21793087450707482,1.8571428571428572,146/144,0.32,I146/I144 test,,,,,2155.5000000000005,469.7499999999999,
PIE,C25032408-0035.txt,9.749888100517,9.75,31.891374,60.0,,,146,144,0.22800737607115745,1.962962962962963,146/144,0.32,I146/I144 test,,,,,2304.7500000000005,525.5000000000002,
PIE,C25032408-0036.txt,9.799852543566,9.8,32.11161,60.0,,,146,144,0.22085889570552142,2.361111111111111,146/144,0.32,I146/I144 test,,,,,2363.5000000000005,522.0,
PIE,C25032408-0037.txt,9.849446267609,9.85,32.788333,60.0,,,146,144,0.24004024144869224,2.1125,146/144,0.32,I146/I144 test,,,,,2485.0,596.5000000000002,
PIE,C25032408-0038.txt,9.899449350301,9.9,33.039819,60.0,,,146,144,0.2544529262086514,2.130434782608696,146/144,0.32,I146/I144 test,,,,,2751.0,700.0,
PIE,C25032408-0039.txt,9.949482147023,9.95,33.291539,60.0,,,146,144,0.2375,2.107142857142857,146/144,0.32,I146/I144 test,,,,,3120.0,741.0,
PIE,C25032408-0040.txt,10.000042672382,10.0,33.656159,60.0,,,146,144,0.2294509679466836,2.3863636363636362,146/144,0.32,I146/I144 test,,,,,3151.0,723.0,
PIE,C25032408-0041.txt,10.049825131049,10.05,34.020819,60.0,,,146,144,0.2491732677074521,1.7751937984496124,146/144,0.32,I146/I144 test,,,,,3250.7500000000005,810.0,
PIE,C25032408-0042.txt,10.099630338128,10.1,34.312554,60.0,,,146,144,0.2303643163873113,2.307017543859649,146/144,0.32,I146/I144 test,,,,,3609.5000000000005,831.5000000000002,
PIE,C25032408-0043.txt,10.149691605383,10.15,34.593577,60.0,,,146,144,0.24647224835371592,2.1885245901639343,146/144,0.32,I146/I144 test,,,,,3720.4999999999995,917.0,
PIE,C25032408-0044.txt,10.199685958938,10.2,34.870767,60.0,,,146,144,0.2332733924474484,1.9262295081967213,146/144,0.32,I146/I144 test,,,,,4031.7500000000005,940.5000000000002,
PIE,C25032408-0045.txt,10.249420454674,10.25,35.612388,60.0,,,146,144,0.24443915784465325,1.8951048951048952,146/144,0.32,I146/I144 test,,,,,4203.500000000001,1027.5000000000002,
PIE,C25032408-0046.txt,10.299436358234,10.3,35.75966,60.0,,,146,144,0.2539861491383475,2.174193548387097,146/144,0.32,I146/I144 test,,,,,4656.75,1182.7499999999998,
PIE,C25032408-0047.txt,10.350026002527,10.35,36.067605,60.0,,,146,144,0.2673704300113317,2.1560283687943262,146/144,0.32,I146/I144 test,,,,,4191.75,1120.7499999999998,
PIE,C25032408-0048.txt,10.400169849082,10.4,36.263519,60.0,,,146,144,0.27896533141728047,2.1470588235294117,146/144,0.32,I146/I144 test,,,,,4175.25,1164.7500000000002,
PIE,C25032408-0049.txt,10.449550798537,10.45,36.399063,60.0,,,146,144,0.28253223915592024,2.193103448275862,146/144,0.32,I146/I144 test,,,,,4478.25,1265.2499999999998,
PIE,C25032408-0050.txt,10.499938091892,10.5,36.521821,60.0,,,146,144,0.28173261920856957,2.16875,146/144,0.32,I146/I144 test,,,,,4807.75,1354.5000000000002,
PIE,C25032408-0051.txt,10.549365590316,10.55,36.499207,60.0,,,146,144,0.27936366339577756,2.25,146/144,0.32,I146/I144 test,,,,,5044.499999999999,1409.2499999999998,
PIE,C25032408-0052.txt,10.599478795775,10.6,36.575619,60.0,,,146,144,0.2798332994511079,2.1974522292993632,146/144,0.32,I146/I144 test,,,,,4919.0,1376.4999999999998,
PIE,C25032408-0053.txt,10.649784070789,10.65,36.940999,60.0,,,146,144,0.2751232461130072,1.8571428571428572,146/144,0.32,I146/I144 test,,,,,5274.0,1451.0,
PIE,C25032408-0054.txt,10.699679832385,10.7,37.22823,60.0,,,146,144,0.2592895727614994,2.129353233830846,146/144,0.32,I146/I144 test,,,,,6109.000000000001,1584.0,
PIE,C25032408-0055.txt,10.749865813981,10.75,37.18171,60.0,,,146,144,0.2778377911247461,1.8685446009389672,146/144,0.32,I146/I144 test,,,,,5785.75,1607.4999999999998,
PIE,C25032408-0056.txt,10.799981194254,10.8,37.142381,60.0,,,146,144,0.2834808815219439,2.1977401129943503,146/144,0.32,I146/I144 test,,,,,5309.0,1505.0,
PIE,C25032408-0057.txt,10.849857364987,10.85,37.014774,60.0,,,146,144,0.2770509339257796,2.1778846153846154,146/144,0.32,I146/I144 test,,,,,6076.500000000001,1683.5000000000002,
PIE,C25032408-0058.txt,10.899550385289,10.9,36.664425,60.0,,,146,144,0.26155848132271886,1.908296943231441,146/144,0.32,I146/I144 test,,,,,6532.0,1708.4999999999998,
PIE,C25032408-0059.txt,10.949840384719,10.95,36.170676,60.0,,,146,144,0.25337973987909873,2.0042553191489363,146/144,0.32,I146/I144 test,,,,,6823.75,1729.0,
PIE,C25032408-0060.txt,10.999774224566,11.0,35.097002,60.0,,,146,144,0.2620613632188132,2.1911111111111112,146/144,0.32,I146/I144 test,,,,,6803.75,1783.0,
PIE-2,C25032408-0000.txt,6.999828752256,7.0,174.35496,90.0,,,146,144,,,146/144,0.32,I146/I144 test,,,,,0.0,0.0,
PIE-2,C25032408-0001.txt,7.04988730428,7.05,173.671785,90.0,,,146,144,0.0,,146/144,0.32,I146/I144 test,,,,,1.0,0.0,
PIE-2,C25032408-0002.txt,7.099795745079,7.1,174.883215,90.0,,,146,144,,,146/144,0.32,I146/I144 test,,,,,0.0,0.0,
PIE-2,C25032408-0003.txt,7.149889707175,7.15,172.455035,90.0,,,146,144,,0.0,146/144,0.32,I146/I144 test,,,,,0.0,0.0,
PIE-2,C25032408-0004.txt,7.19991034869,7.2,169.802088,90.0,,,146,144,,,146/144,0.32,I146/I144 test,,,,,0.0,0.0,
PIE-2,C25032408-0005.txt,7.250064184756,7.25,166.672006,90.0,,,146,144,0.0,,146/144,0.32,I146/I144 test,,,,,1.0,0.0,
PIE-2,C25032408-0006.txt,7.299700501699,7.3,162.885659,90.0,,,146,144,,,146/144,0.32,I146/I144 test,,,,,0.0,0.0,
PIE-2,C25032408-0007.txt,7.349832338566,7.35,160.285639,90.0,,,146,144,0.0,,146/144,0.32,I146/I144 test,,,,,1.0,0.0,
PIE-2,C25032408-0008.txt,7.400008822483,7.4,159.120037,90.0,,,146,144,0.25,0.0,146/144,0.32,I146/I144 test,,,,,4.0,1.0,
PIE-2,C25032408-0009.txt,7.449689499187,7.45,155.682774,90.0,,,146,144,0.0,,146/144,0.32,I146/I144 test,,,,,4.0,0.0,
PIE-2,C25032408-0010.txt,7.499987143229,7.5,151.251793,90.0,,,146,144,0.0,1.0,146/144,0.32,I146/I144 test,,,,,5.0,0.0,
PIE-2,C25032408-0011.txt,7.549717702634,7.55,146.026598,90.0,,,146,144,0.4,0.0,146/144,0.32,I146/I144 test,,,,,5.0,2.0,
PIE-2,C25032408-0012.txt,7.599798125832,7.6,140.631557,90.0,,,146,144,0.3333333333333333,,146/144,0.32,I146/I144 test,,,,,3.0,1.0,
PIE-2,C25032408-0013.txt,7.64997915898,7.65,135.117906,90.0,,,146,144,0.2,0.25,146/144,0.32,I146/I144 test,,,,,5.0,1.0,
PIE-2,C25032408-0014.txt,7.699952208382,7.7,130.688406,90.0,,,146,144,0.16666666666666666,0.5,146/144,0.32,I146/I144 test,,,,,12.0,2.0,
PIE-2,C25032408-0015.txt,7.749917611124,7.75,124.55151,90.0,,,146,144,0.16666666666666666,0.5,146/144,0.32,I146/I144 test,,,,,18.0,3.0,
PIE-2,C25032408-0016.txt,7.799968599829,7.8,117.443075,90.0,,,146,144,0.0125,0.6,146/144,0.32,I146/I144 test,,,,,80.0,1.0,
PIE-2,C25032408-0017.txt,7.84971295795,7.85,110.953401,90.0,,,146,144,0.019417475728155338,2.6666666666666665,146/144,0.32,I146/I144 test,,,,,103.0,2.0,
PIE-2,C25032408-0018.txt,7.899829267412,7.9,104.184818,90.0,,,146,144,0.03759398496240601,3.5,146/144,0.32,I146/I144 test,,,,,133.0,5.0,
PIE-2,C25032408-0019.txt,7.949939125725,7.95,98.361122,90.0,,,146,144,0.0106951871657754,1.7777777777777777,146/144,0.32,I146/I144 test,,,,,187.0,2.0,
PIE-2,C25032408-0020.txt,7.99973177999,8.0,92.489466,90.0,,,146,144,0.026785714285714284,2.111111111111111,146/144,0.32,I146/I144 test,,,,,224.0,6.0,
PIE-2,C25032408-0021.txt,8.050038842534,8.05,86.044697,90.0,,,146,144,0.027522935779816515,2.5,146/144,0.32,I146/I144 test,,,,,218.0,6.0,
PIE-2,C25032408-0022.txt,8.100026997938,8.1,80.299656,90.0,,,146,144,0.026905829596412557,1.4545454545454546,146/144,0.32,I146/I144 test,,,,,223.0,6.0,
PIE,C25032408-0000.txt,7.999818767948,8.0,67.399146,60.0,,,148,146,0.125,0.125,148/146,0.32,I148/I146 test,,,,,,8.0,1.0
PIE,C25032408-0001.txt,8.04987526035,8.05,63.207115,60.0,,,148,146,0.3333333333333333,0.13333333333333333,148/146,0.32,I148/I146 test,,,,,,9.0,3.0
PIE,C25032408-0002.txt,8.099759461212,8.1,59.251542,60.0,,,148,146,0.25,0.15789473684210525,148/146,0.32,I148/I146 test,,,,,,4.0,1.0
PIE,C25032408-0003.txt,8.149904620949,8.15,55.455084,60.0,,,148,146,0.4,0.10526315789473684,148/146,0.32,I148/I146 test,,,,,,10.0,4.0
PIE,C25032408-0004.txt,8.199799691224,8.2,52.358665,60.0,,,148,146,0.5,0.2727272727272727,148/146,0.32,I148/I146 test,,,,,,6.0,3.0
PIE,C25032408-0005.txt,8.249635424306,8.25,49.361552,60.0,,,148,146,0.3333333333333333,0.03571428571428571,148/146,0.32,I148/I146 test,,,,,,12.0,4.0
PIE,C25032408-0006.txt,8.299986992141,8.3,47.492741,60.0,,,148,146,0.4,0.20512820512820512,148/146,0.32,I148/I146 test,,,,,,10.0,4.0
PIE,C25032408-0007.txt,8.34988730589,8.35,45.203994,60.0,,,148,146,0.3333333333333333,0.14285714285714285,148/146,0.32,I148/I146 test,,,,,,9.0,3.0
PIE,C25032408-0008.txt,8.399747284514,8.4,42.973004,60.0,,,148,146,0.25,0.12195121951219512,148/146,0.32,I148/I146 test,,,,,,12.0,3.0
PIE,C25032408-0009.txt,8.450026051949,8.45,41.044327,60.0,,,148,146,0.7777777777777778,0.02127659574468085,148/146,0.32,I148/I146 test,,,,,,9.0,7.0
PIE,C25032408-0010.txt,8.49974581444,8.5,39.395726,60.0,,,148,146,0.3333333333333333,0.044444444444444446,148/146,0.32,I148/I146 test,,,,,,21.0,7.0
PIE,C25032408-0011.txt,8.549727661502,8.55,37.983414,60.0,,,148,146,0.08,0.1276595744680851,148/146,0.32,I148/I146 test,,,,,,25.0,2.0
PIE,C25032408-0012.txt,8.600027930899,8.6,36.594812,60.0,,,148,146,0.15625,0.18421052631578946,148/146,0.32,I148/I146 test,,,,,,32.0,5.0
PIE,C25032408-0013.txt,8.649703032006,8.65,35.346115,60.0,,,148,146,0.19047619047619047,0.1,148/146,0.32,I148/I146 test,,,,,,42.0,8.0
PIE,C25032408-0014.txt,8.699999421662,8.7,34.872098,60.0,,,148,146,0.23255813953488372,0.07142857142857142,148/146,0.32,I148/I146 test,,,,,,43.0,10.0
PIE,C25032408-0015.txt,8.750081257056,8.75,34.027501,60.0,,,148,146,0.20754716981132076,0.1,148/146,0.32,I148/I146 test,,,,,,53.0,11.0
PIE,C25032408-0016.txt,8.799780579665,8.8,33.24118,60.0,,,148,146,0.15789473684210525,0.12903225806451613,148/146,0.32,I148/I146 test,,,,,,76.0,12.0
PIE,C25032408-0017.txt,8.84988040432,8.85,32.547186,60.0,,,148,146,0.11627906976744186,0.21153846153846154,148/146,0.32,I148/I146 test,,,,,,86.0,10.0
PIE,C25032408-0018.txt,8.899615701493,8.9,31.921771,60.0,,,148,146,0.14521452145214525,0.23333333333333334,148/146,0.32,I148/I146 test,,,,,,75.74999999999999,11.0
PIE,C25032408-0019.txt,8.949524337097,8.95,31.39593,60.0,,,148,146,0.12371134020618557,0.17543859649122806,148/146,0.32,I148/I146 test,,,,,,97.0,12.0
PIE,C25032408-0020.txt,8.99952406689,9.0,31.087777,60.0,,,148,146,0.09090909090909091,0.13924050632911392,148/146,0.32,I148/I146 test,,,,,,121.0,11.0
PIE,C25032408-0021.txt,9.049958386834,9.05,31.079472,60.0,,,148,146,0.10328638497652583,0.23376623376623376,148/146,0.32,I148/I146 test,,,,,,106.5,11.0
PIE,C25032408-0022.txt,9.099851546561,9.1,31.075756,60.0,,,148,146,0.10743801652892562,0.19480519480519481,148/146,0.32,I148/I146 test,,,,,,121.0,13.0
PIE,C25032408-0023.txt,9.149875189035,9.15,30.830737,60.0,,,148,146,0.14285714285714285,0.1076923076923077,148/146,0.32,I148/I146 test,,,,,,154.0,22.0
PIE,C25032408-0024.txt,9.199712243097,9.2,30.637608,60.0,,,148,146,0.10112359550561797,0.17045454545454544,148/146,0.32,I148/I146 test,,,,,,178.0,18.0
PIE,C25032408-0025.txt,9.249879181274,9.25,30.747353,60.0,,,148,146,0.10913404507710557,0.1951219512195122,148/146,0.32,I148/I146 test,,,,,,210.75,23.0
PIE,C25032408-0026.txt,9.300545859698,9.3,30.720981,60.0,,,148,146,0.13004484304932734,0.16129032258064516,148/146,0.32,I148/I146 test,,,,,,223.0,29.0
PIE,C25032408-0027.txt,9.349869037348,9.35,30.653413,60.0,,,148,146,0.09176029962546817,0.1509433962264151,148/146,0.32,I148/I146 test,,,,,,267.0,24.5
PIE,C25032408-0028.txt,9.399700994344,9.4,30.690671,60.0,,,148,146,0.13541666666666666,0.21782178217821782,148/146,0.32,I148/I146 test,,,,,,288.0,39.0
PIE,C25032408-0029.txt,9.449997612188,9.45,31.132822,60.0,,,148,146,0.18374558303886926,0.1368421052631579,148/146,0.32,I148/I146 test,,,,,,283.0,52.0
PIE,C25032408-0030.txt,9.499626118444,9.5,31.2309,60.0,,,148,146,0.09574468085106383,0.1935483870967742,148/146,0.32,I148/I146 test,,,,,,329.0,31.5
PIE,C25032408-0031.txt,9.549938027219,9.55,31.298981,60.0,,,148,146,0.14993122420907845,0.17037037037037037,148/146,0.32,I148/I146 test,,,,,,363.49999999999994,54.50000000000001
PIE,C25032408-0032.txt,9.599801375134,9.6,31.405314,60.0,,,148,146,0.12270582066072364,0.1111111111111111,148/146,0.32,I148/I146 test,,,,,,476.75000000000006,58.5
PIE,C25032408-0033.txt,9.649862673798,9.65,31.563096,60.0,,,148,146,0.13743016759776536,0.1484375,148/146,0.32,I148/I146 test,,,,,,447.5,61.49999999999999
PIE,C25032408-0034.txt,9.699864158557,9.7,31.745896,60.0,,,148,146,0.15486961149547632,0.2230769230769231,148/146,0.32,I148/I146 test,,,,,,469.7499999999999,72.74999999999999
PIE,C25032408-0035.txt,9.749888100517,9.75,31.891374,60.0,,,148,146,0.11227402473834439,0.1761006289308176,148/146,0.32,I148/I146 test,,,,,,525.5000000000002,59.0
PIE,C25032408-0036.txt,9.799852543566,9.8,32.11161,60.0,,,148,146,0.15229885057471265,0.18235294117647058,148/146,0.32,I148/I146 test,,,,,,522.0,79.5
PIE,C25032408-0037.txt,9.849446267609,9.85,32.788333,60.0,,,148,146,0.19740150880134108,0.26627218934911245,148/146,0.32,I148/I146 test,,,,,,596.5000000000002,117.75
PIE,C25032408-0038.txt,9.899449350301,9.9,33.039819,60.0,,,148,146,0.17642857142857143,0.17857142857142858,148/146,0.32,I148/I146 test,,,,,,700.0,123.5
PIE,C25032408-0039.txt,9.949482147023,9.95,33.291539,60.0,,,148,146,0.21693657219973014,0.15677966101694915,148/146,0.32,I148/I146 test,,,,,,741.0,160.75000000000003
PIE,C25032408-0040.txt,10.000042672382,10.0,33.656159,60.0,,,148,146,0.16078838174273857,0.13333333333333333,148/146,0.32,I148/I146 test,,,,,,723.0,116.24999999999999
PIE,C25032408-0041.txt,10.049825131049,10.05,34.020819,60.0,,,148,146,0.16450617283950614,0.1965065502183406,148/146,0.32,I148/I146 test,,,,,,810.0,133.24999999999997
PIE,C25032408-0042.txt,10.099630338128,10.1,34.312554,60.0,,,148,146,0.15393866506313886,0.1634980988593156,148/146,0.32,I148/I146 test,,,,,,831.5000000000002,128.0
PIE,C25032408-0043.txt,10.149691605383,10.15,34.593577,60.0,,,148,146,0.15730643402399128,0.18352059925093633,148/146,0.32,I148/I146 test,,,,,,917.0,144.25
PIE,C25032408-0044.txt,10.199685958938,10.2,34.870767,60.0,,,148,146,0.14221158958001062,0.20851063829787234,148/146,0.32,I148/I146 test,,,,,,940.5000000000002,133.75000000000003
PIE,C25032408-0045.txt,10.249420454674,10.25,35.612388,60.0,,,148,146,0.14257907542579076,0.22140221402214022,148/146,0.32,I148/I146 test,,,,,,1027.5000000000002,146.50000000000003
PIE,C25032408-0046.txt,10.299436358234,10.3,35.75966,60.0,,,148,146,0.14331008243500318,0.17507418397626112,148/146,0.32,I148/I146 test,,,,,,1182.7499999999998,169.49999999999997
PIE,C25032408-0047.txt,10.350026002527,10.35,36.067605,60.0,,,148,146,0.17019852777158156,0.17763157894736842,148/146,0.32,I148/I146 test,,,,,,1120.7499999999998,190.75
PIE,C25032408-0048.txt,10.400169849082,10.4,36.263519,60.0,,,148,146,0.20004292766688125,0.21575342465753425,148/146,0.32,I148/I146 test,,,,,,1164.7500000000002,233.0
PIE,C25032408-0049.txt,10.449550798537,10.45,36.399063,60.0,,,148,146,0.20075083975498917,0.20125786163522014,148/146,0.32,I148/I146 test,,,,,,1265.2499999999998,254.0
PIE,C25032408-0050.txt,10.499938091892,10.5,36.521821,60.0,,,148,146,0.19269102990033218,0.19596541786743515,148/146,0.32,I148/I146 test,,,,,,1354.5000000000002,261.0
PIE,C25032408-0051.txt,10.549365590316,10.55,36.499207,60.0,,,148,146,0.20241263083200278,0.23931623931623933,148/146,0.32,I148/I146 test,,,,,,1409.2499999999998,285.2499999999999
PIE,C25032408-0052.txt,10.599478795775,10.6,36.575619,60.0,,,148,146,0.18525245187068656,0.1826086956521739,148/146,0.32,I148/I146 test,,,,,,1376.4999999999998,255.0
PIE,C25032408-0053.txt,10.649784070789,10.65,36.940999,60.0,,,148,146,0.2160578911095796,0.25071225071225073,148/146,0.32,I148/I146 test,,,,,,1451.0,313.5
PIE,C25032408-0054.txt,10.699679832385,10.7,37.22823,60.0,,,148,146,0.19839015151515144,0.17757009345794392,148/146,0.32,I148/I146 test,,,,,,1584.0,314.2499999999999
PIE,C25032408-0055.txt,10.749865813981,10.75,37.18171,60.0,,,148,146,0.20653188180404358,0.1708542713567839,148/146,0.32,I148/I146 test,,,,,,1607.4999999999998,332.0
PIE,C25032408-0056.txt,10.799981194254,10.8,37.142381,60.0,,,148,146,0.22624584717607973,0.20051413881748073,148/146,0.32,I148/I146 test,,,,,,1505.0,340.5
PIE,C25032408-0057.txt,10.849857364987,10.85,37.014774,60.0,,,148,146,0.1779031779031779,0.18101545253863136,148/146,0.32,I148/I146 test,,,,,,1683.5000000000002,299.5
PIE,C25032408-0058.txt,10.899550385289,10.9,36.664425,60.0,,,148,146,0.18334796605209258,0.17162471395881007,148/146,0.32,I148/I146 test,,,,,,1708.4999999999998,313.2500000000001
PIE,C25032408-0059.txt,10.949840384719,10.95,36.170676,60.0,,,148,146,0.18507807981492191,0.22505307855626328,148/146,0.32,I148/I146 test,,,,,,1729.0,320.0
PIE,C25032408-0060.txt,10.999774224566,11.0,35.097002,60.0,,,148,146,0.17442512619181155,0.23529411764705882,148/146,0.32,I148/I146 test,,,,,,1783.0,311.0
PIE-2,C25032408-0000.txt,6.999828752256,7.0,174.35496,90.0,,,148,146,,,148/146,0.32,I148/I146 test,,,,,,0.0,0.0
PIE-2,C25032408-0001.txt,7.04988730428,7.05,173.671785,90.0,,,148,146,,0.0,148/146,0.32,I148/I146 test,,,,,,0.0,0.0
PIE-2,C25032408-0002.txt,7.099795745079,7.1,174.883215,90.0,,,148,146,,0.0,148/146,0.32,I148/I146 test,,,,,,0.0,0.0
PIE-2,C25032408-0003.txt,7.149889707175,7.15,172.455035,90.0,,,148,146,,,148/146,0.32,I148/I146 test,,,,,,0.0,0.0
PIE-2,C25032408-0004.txt,7.19991034869,7.2,169.802088,90.0,,,148,146,,,148/146,0.32,I148/I146 test,,,,,,0.0,0.0
PIE-2,C25032408-0005.txt,7.250064184756,7.25,166.672006,90.0,,,148,146,,0.0,148/146,0.32,I148/I146 test,,,,,,0.0,1.0
PIE-2,C25032408-0006.txt,7.299700501699,7.3,162.885659,90.0,,,148,146,,0.0,148/146,0.32,I148/I146 test,,,,,,0.0,0.0
PIE-2,C25032408-0007.txt,7.349832338566,7.35,160.285639,90.0,,,148,146,,0.0,148/146,0.32,I148/I146 test,,,,,,0.0,0.0
PIE-2,C25032408-0008.txt,7.400008822483,7.4,159.120037,90.0,,,148,146,0.0,,148/146,0.32,I148/I146 test,,,,,,1.0,0.0
PIE-2,C25032408-0009.txt,7.449689499187,7.45,155.682774,90.0,,,148,146,,0.0,148/146,0.32,I148/I146 test,,,,,,0.0,0.0
PIE-2,C25032408-0010.txt,7.499987143229,7.5,151.251793,90.0,,,148,146,,1.0,148/146,0.32,I148/I146 test,,,,,,0.0,0.0
PIE-2,C25032408-0011.txt,7.549717702634,7.55,146.026598,90.0,,,148,146,0.0,,148/146,0.32,I148/I146 test,,,,,,2.0,0.0
PIE-2,C25032408-0012.txt,7.599798125832,7.6,140.631557,90.0,,,148,146,0.0,0.0,148/146,0.32,I148/I146 test,,,,,,1.0,0.0
PIE-2,C25032408-0013.txt,7.64997915898,7.65,135.117906,90.0,,,148,146,0.0,0.0,148/146,0.32,I148/I146 test,,,,,,1.0,0.0
PIE-2,C25032408-0014.txt,7.699952208382,7.7,130.688406,90.0,,,148,146,0.5,0.0,148/146,0.32,I148/I146 test,,,,,,2.0,1.0
PIE-2,C25032408-0015.txt,7.749917611124,7.75,124.55151,90.0,,,148,146,0.0,1.0,148/146,0.32,I148/I146 test,,,,,,3.0,0.0
PIE-2,C25032408-0016.txt,7.799968599829,7.8,117.443075,90.0,,,148,146,1.0,0.3333333333333333,148/146,0.32,I148/I146 test,,,,,,1.0,1.0
PIE-2,C25032408-0017.txt,7.84971295795,7.85,110.953401,90.0,,,148,146,1.0,0.375,148/146,0.32,I148/I146 test,,,,,,2.0,2.0
PIE-2,C25032408-0018.txt,7.899829267412,7.9,104.184818,90.0,,,148,146,0.2,0.14285714285714285,148/146,0.32,I148/I146 test,,,,,,5.0,1.0
PIE-2,C25032408-0019.txt,7.949939125725,7.95,98.361122,90.0,,,148,146,0.0,0.0625,148/146,0.32,I148/I146 test,,,,,,2.0,0.0
PIE-2,C25032408-0020.txt,7.99973177999,8.0,92.489466,90.0,,,148,146,0.16666666666666666,0.0,148/146,0.32,I148/I146 test,,,,,,6.0,1.0
PIE-2,C25032408-0021.txt,8.050038842534,8.05,86.044697,90.0,,,148,146,0.16666666666666666,0.1,148/146,0.32,I148/I146 test,,,,,,6.0,1.0
PIE-2,C25032408-0022.txt,8.100026997938,8.1,80.299656,90.0,,,148,146,0.16666666666666666,0.1875,148/146,0.32,I148/I146 test,,,,,,6.0,1.0
