tof_bin,locally_corrected_mz,observed_142,c7h5_37clo_template,residual_142
18821,141.76517158027755,0.00020786352276757497,5.852272791798867e-05,0.0001493407948495863
18822,141.7795597575522,0.00044319989876117705,6.089179563522478e-05,0.00038230810312595226
18823,141.79394866466086,0.0005403203484251991,9.553308764728816e-05,0.00044478726077791097
18824,141.8083383016035,0.0004101556331337009,9.531195205351343e-05,0.00031484368108018745
18825,141.82272866838017,0.0008078168900733068,8.294603348853713e-05,0.0007248708565847697
18826,141.8371197649908,0.0011742056094099615,0.000146905677033041,0.0010272999323769204
18827,141.85151159143547,0.0026396436607995233,0.00029348116472517914,0.002346162496074344
18828,141.8659041477141,0.0064899134953340185,0.0005308249306438514,0.005959088564690167
18829,141.88029743382674,0.012015016412762668,0.0014092215973204054,0.010605794815442262
18830,141.8946914497734,0.02055356936974758,0.0027596023411033026,0.01779396702864428
18831,141.90908619555407,0.029881749997645594,0.0051587625458924145,0.02472298745175318
18832,141.9234816711687,0.042447002868544484,0.00972683985992606,0.03272016300861842
18833,141.93787787661734,0.0622356282833876,0.01648808684207851,0.04574754144130909
18834,141.95227481190003,0.08731657588186119,0.027209542015744853,0.060107033866116336
18835,141.96667247701663,0.12041075287351254,0.038888896538230716,0.08152185633528182
18836,141.98107087196732,0.159044838268367,0.04953376623541621,0.10951107203295078
18837,141.99546999675198,0.18438186906816376,0.05607678695195868,0.12830508211620506
18838,142.0098698513706,0.20056493151855845,0.055586613505662054,0.1449783180128964
18839,142.02427043582327,0.1925138305386447,0.047953213656851956,0.14456061688179275
18840,142.0386717501099,0.16597556172573041,0.03445977151922076,0.13151579020650966
18841,142.05307379423058,0.11976013254873653,0.02175606056510691,0.09800407198362962
18842,142.06747656818519,0.07723403685723151,0.012077688796785602,0.06515634806044591
18843,142.08188007197387,0.044156940071986034,0.0062289550195837,0.03792798505240234
18844,142.0962843055965,0.021924098457007584,0.0030663893870849237,0.01885770906992266
18845,142.11068926905315,0.010516072996720575,0.001410100211376016,0.009105972785344559
18846,142.1250949623438,0.004730040675911316,0.000804914569885689,0.003925126106025627
18847,142.13950138546846,0.0029578828025986982,0.0005265069773698574,0.002431375825228841
18848,142.15390853842712,0.0015962749499726105,0.0002573786789208248,0.0013388962710517856
18849,142.16831642121974,0.0009803547820933982,0.00017724179872017598,0.0008031129833732222
18850,142.18272503384642,0.0008793267942436024,0.00019428598017771665,0.0006850408140658857
18851,142.19713437630705,0.0006887201447130256,0.00011524810393036718,0.0005734720407826584
18852,142.2115444486017,0.0005367883978237319,0.0,0.0005367883978237319
18853,142.22595525073038,0.0006004029714271971,0.0,0.0006004029714271971
