energy_eV,file,i140,i142_observed,i142_c7h5_37clo,i142_residual,residual_fraction_of_142,i144_observed,expected_c6h3_37clo2_at_144,expected_fraction_of_144,i144_after_candidate_isotope,i146_observed,expected_c6h5_37clo2_at_146,i146_after_isotope_chain,i146_after_chain_fraction,snr142
7.999818767948,C25032408-0000.txt,0.01508426630014966,0.04723106333325548,0.004826965216047891,0.04240409811720759,0.8978010471204189,0.09718224026161994,0.01356931139750643,0.1396274809160305,0.0836129288641135,0.0019782644328065124,0.026756137236516323,-0.02477787280370981,-12.525056000000003,13.820274961085254
8.04987526035,C25032408-0001.txt,0.022413088568694624,0.0661845321263806,0.00717218834198228,0.059012343784398326,0.8916334661354582,0.11681174395213788,0.018883950011007466,0.16166139954853276,0.09792779394113041,0.002373150554332372,0.03133689406116173,-0.02896374350682936,-12.204764444444445,15.84297951775486
8.099759461212,C25032408-0002.txt,0.032629249266345396,0.06694621832232935,0.010441359765230527,0.05650485855709882,0.8440336134453781,0.10998307295811248,0.01808155473827162,0.16440306905370844,0.09190151821984086,0.0011251465264257032,0.029408485830349076,-0.028283339303923374,-25.137472,15.427248620541514
8.149904620949,C25032408-0003.txt,0.05079185646291089,0.09376958116229704,0.016253394068131487,0.07751618709416555,0.8266666666666667,0.13915165409661387,0.024805179870132976,0.1782600431965443,0.1143464742264809,0.0030054352936633665,0.036590871752473886,-0.03358543645881052,-11.1748992,17.663521732655692
8.199799691224,C25032408-0004.txt,0.07130306575489144,0.11013777121068054,0.02281698104156526,0.08732079016911527,0.7928323699421965,0.14578930408812626,0.027942652854116887,0.1916646288209607,0.11784665123400938,0.001909903547006021,0.037710928394883,-0.03580102484787698,-18.744938666666666,18.601075237738275
8.249635424306,C25032408-0005.txt,0.08846291272743342,0.12560383028475278,0.028308132072778696,0.09729569821197408,0.7746236559139784,0.161394169021806,0.031134623427831704,0.192910460251046,0.1302595455939743,0.004051736460798477,0.04168305459007177,-0.0376313181292733,-9.287701333333334,19.28730152198591
8.299986992141,C25032408-0006.txt,0.10738483171565102,0.1266860269586602,0.03436314614900833,0.09232288080965186,0.7287534626038781,0.1698505181384807,0.029543321859088593,0.1739371900826446,0.14030719627939212,0.003509308226001667,0.04489830280940548,-0.04138899458340382,-11.794060800000004,19.0
8.34988730589,C25032408-0007.txt,0.12425155765365924,0.16370234895615637,0.039760498449170956,0.12394185050698542,0.7571171171171172,0.19135477276631796,0.03966139216223533,0.2072662813102119,0.15169338060408263,0.0033182908572193864,0.04854188179330644,-0.045223590936087056,-13.628579555555557,21.07130750570548
8.399747284514,C25032408-0008.txt,0.13535629640103045,0.17064977196691516,0.043314014848329745,0.1273357571185854,0.7461818181818182,0.21757845925781683,0.040747442277947334,0.1872770053475936,0.1768310169798695,0.004654084690006777,0.05658592543355824,-0.05193184074355146,-11.158336000000002,20.97617696340303
8.450026051949,C25032408-0009.txt,0.17135945080384268,0.20709317514208478,0.05483502425722966,0.15225815088485511,0.7352156862745098,0.20425071979699733,0.04872260828315364,0.23854314115308153,0.1555281115138437,0.0036545854436838493,0.04976899568442998,-0.04611441024074613,-12.618232888888887,22.583179581272432
8.49974581444,C25032408-0010.txt,0.18064565345658729,0.19841407838674344,0.05780660910610793,0.1406074692806355,0.7086567164179105,0.22295142709981616,0.04499439016980336,0.2018125237191651,0.1779570369300128,0.008884212465078064,0.0569462518176041,-0.04806203935252604,-5.409825523809524,21.656407827707717
8.549727661502,C25032408-0011.txt,0.2176388532812418,0.23562916171779605,0.06964443304999737,0.16598472866779868,0.7044320297951583,0.26327280638859896,0.05311511317369558,0.2017493333333333,0.21015769321490338,0.010969700266191623,0.06725046182876908,-0.056280761562577455,-5.13056512,23.173260452512935
8.600027930899,C25032408-0012.txt,0.21769934674528912,0.28282697558331493,0.06966379095849252,0.21316318462482242,0.7536876006441224,0.2517433345469845,0.06821221907994318,0.2709593848937132,0.18353111546704132,0.014574014844872913,0.058729956949453224,-0.04415594210458031,-3.0297720000000012,24.919871588754226
8.649703032006,C25032408-0013.txt,0.23576377017200711,0.2862172169888167,0.07544440645504227,0.21077281053377442,0.7364085667215816,0.2871602720695047,0.06744729937080782,0.23487684729064046,0.21971297269869686,0.019804156694448603,0.070308151263583,-0.0505039945691344,-2.550171428571428,24.637369989509835
8.699999421662,C25032408-0014.txt,0.24565962927342846,0.31543843447560854,0.07861108136749712,0.23682735310811143,0.7507878787878788,0.3173501825633395,0.07578475299459565,0.2388048192771084,0.24156542956874388,0.02055129194310783,0.07730093746199805,-0.056749645518890224,-2.7613663255813963,25.69046515733026
8.750081257056,C25032408-0015.txt,0.2600837481424216,0.3266965348606313,0.08322679940557491,0.2434697354550564,0.7452473763118441,0.3227781356419131,0.07791031534561806,0.24137420333839152,0.24486782029629506,0.02595939482400818,0.07835770249481443,-0.05239830767080625,-2.018471849056605,25.826343140289918
8.799780579665,C25032408-0016.txt,0.2978233624678787,0.3504689063384633,0.09530347598972119,0.25516543034874206,0.7280686695278968,0.343449500489052,0.08165293771159746,0.23774364963503644,0.26179656277745456,0.038105346039661245,0.08377490008878546,-0.04566955404912422,-1.1985077894736846,26.43860813280457
8.84988040432,C25032408-0017.txt,0.3405312315889101,0.41222201718657536,0.10896999410845122,0.30325202307812416,0.7356521739130435,0.3937872437471757,0.09704064738499973,0.2464291287386216,0.296746596362176,0.04403862543856582,0.09495891083589632,-0.0509202853973305,-1.1562641860465113,28.372521918222215
8.899615701493,C25032408-0018.txt,0.38166219954818087,0.4359616096070192,0.12213190385541788,0.3138297057516013,0.7198562874251496,0.44470694728476473,0.10042550584051242,0.2258240093924274,0.3442814414442523,0.03954981069189425,0.11017006126216075,-0.0706202505702665,-1.7856027458745878,28.89636655359978
8.949524337097,C25032408-0019.txt,0.3397467973290381,0.40610359368236587,0.1087189751452922,0.29738461853707365,0.7322875816993464,0.43742400156113653,0.09516307793186357,0.21755339805825244,0.34226092362927296,0.05149287397018233,0.10952349556136735,-0.05803062159118502,-1.1269641237113404,27.65863337187866
8.99952406689,C25032408-0020.txt,0.38922049653148244,0.4417599023993685,0.12455055889007438,0.31720934350929414,0.7180582524271845,0.48451518421532674,0.10150698992297413,0.2095021853388659,0.3830081942923526,0.06487008275524707,0.12256262217355283,-0.057692539418305766,-0.8893551074380163,28.705400188814647
9.049958386834,C25032408-0021.txt,0.4048760330720333,0.5121279623626382,0.12956033058305066,0.3825676317795876,0.7470157068062827,0.5430969569453002,0.12242164216946803,0.22541397185880038,0.4206753147758322,0.05711165234724709,0.1346161007282663,-0.0775044483810192,-1.3570689201877923,30.903074280724887
9.099851546561,C25032408-0022.txt,0.4285226935964701,0.534044395680457,0.13712726195087044,0.3969171337295866,0.7432287220687924,0.5442345473429513,0.12701348279346772,0.23338004434589804,0.4172210645494836,0.06489517637693727,0.13351074065583476,-0.06861556427889749,-1.0573291900826451,31.390437480503383
9.149875189035,C25032408-0023.txt,0.4311173834951355,0.5400454747481386,0.13795756271844337,0.4020879120296952,0.7445445445445446,0.6036994834083923,0.12866813184950246,0.21313275128721731,0.47503135155888987,0.0832502533645779,0.15201003249884476,-0.06875977913426685,-0.8259407792207802,31.60696125855822
9.199712243097,C25032408-0024.txt,0.46348265830674507,0.561945523510408,0.14831445065815843,0.41363107285224965,0.7360696999031946,0.6402806206890129,0.1323619433127199,0.206724893797791,0.507918677376293,0.09683088401244205,0.16253397676041378,-0.06570309274797173,-0.6785344719101126,32.14031735997639
9.249879181274,C25032408-0025.txt,0.460066703411293,0.6272897702771358,0.14722134509161378,0.48006842518552206,0.765305681572694,0.6564250696095151,0.15362189605936707,0.23402807597027261,0.502803173550148,0.11423747598695731,0.16089701553604738,-0.046659539549090065,-0.40844336892052185,33.56463466679561
9.300545859698,C25032408-0026.txt,0.4958609014905264,0.61901235076662,0.15867548847696847,0.46033686228965154,0.7436634531113059,0.682215627597743,0.1473077959326885,0.2159255666003976,0.5349078316650545,0.12098137968532538,0.17117050613281745,-0.05018912644749207,-0.41485000896861024,33.77869150810908
9.349869037348,C25032408-0027.txt,0.5125856621577506,0.658436740252491,0.1640274118904802,0.4944093283620108,0.7508835672997523,0.6993511619733827,0.15821098507584347,0.2262253838678329,0.5411401768975392,0.14517143653791503,0.17316485660721256,-0.02799342006929753,-0.19283008239700358,34.799425282610635
9.399700994344,C25032408-0028.txt,0.5213310585487037,0.6413458126521031,0.16682593873558518,0.47451987391651795,0.7398814563928874,0.7485988168847793,0.15184635965328575,0.20284076895175912,0.5967524572314935,0.1563993175646111,0.19096078631407792,-0.034561468749466834,-0.2209822222222225,34.36568055487917
9.449997612188,C25032408-0029.txt,0.5623754034675472,0.6873774564991249,0.17996012910961512,0.5074173273895097,0.7381931464174455,0.7837387821765723,0.1623735447646431,0.2071781420765027,0.6213652374119292,0.15150141759287566,0.19883687597181735,-0.04733545837894168,-0.31244234628975265,35.832945734337834
9.499626118444,C25032408-0030.txt,0.5787537342823933,0.73524938442376,0.18520119497036586,0.5500481894533942,0.7481110506260209,0.8257046706947285,0.17601542062508613,0.21316994667959294,0.6496892500696424,0.1755739774817035,0.20790056002228557,-0.03232658254058207,-0.18411944072948289,36.9774176563427
9.549938027219,C25032408-0031.txt,0.5884110625411947,0.7423031865904303,0.1882915400131823,0.554011646577248,0.7463414634146343,0.8858115860065858,0.17728372690471936,0.20013706041478813,0.7085278591018664,0.19356327713459207,0.22672891491259728,-0.033165637778005214,-0.1713426134800552,37.336309405188935
9.599801375134,C25032408-0032.txt,0.6705340801029194,0.8419488073472744,0.2145709056329342,0.6273779017143402,0.7451497005988023,1.0142922521540991,0.20076092854858885,0.19793203400915627,0.8135313236055103,0.25300919880416844,0.2603300235537633,-0.007320824749594834,-0.028935014158363557,39.5698665531711
9.649862673798,C25032408-0033.txt,0.6877757914918526,0.8527891771664816,0.22008825327739284,0.6327009238890888,0.741919504643963,1.056745721860323,0.20246429564450844,0.19159225484072456,0.8542814262158145,0.23629916828606842,0.27337005638906064,-0.03707088810299222,-0.1568811620111734,40.18706259482024
9.699864158557,C25032408-0034.txt,0.6922154599133065,0.8631036906313813,0.22150894717225808,0.6415947434591232,0.7433576642335766,1.1316423389026413,0.20531031790691942,0.18142686151704943,0.9263320209957219,0.24661980454628418,0.296426246718631,-0.04980644217234681,-0.20195637679616854,40.03806018459431
9.749888100517,C25032408-0035.txt,0.7330874695667446,0.8960103130081507,0.2345879902613583,0.6614223227467924,0.7381860600758238,1.2044793052817357,0.21165514327897356,0.17572335394294383,0.9928241620027622,0.2746301659292992,0.3177037318408839,-0.04307356591158473,-0.15684207802093234,41.15524396046166
9.799852543566,C25032408-0036.txt,0.7662078191241943,0.9661614599828534,0.2451865021197422,0.7209749578631113,0.7462261616975557,1.2267110452159415,0.23071198651619562,0.18807361963190175,0.9959990586997459,0.2709300467961588,0.3187196987839187,-0.04778965198775992,-0.17639111111111164,42.903779121986524
9.849446267609,C25032408-0037.txt,0.7815279904592894,1.0359375899551424,0.25008895694697264,0.7858486330081698,0.7585868498527968,1.2631525569374529,0.2514715625626143,0.1990824949698189,1.0116809943748386,0.3032074447537992,0.32373791819994835,-0.020530473446149167,-0.06771098072087137,44.68610608369314
9.899449350301,C25032408-0038.txt,0.877981000238934,1.0859371435015026,0.28095392007645886,0.8049832234250438,0.7412797584484961,1.387719466622986,0.257594631496014,0.1856244274809161,1.130124835126972,0.35310927903892775,0.36163994724063103,-0.008530668201703284,-0.024158719999999887,45.84211882420697
9.949482147023,C25032408-0039.txt,0.9135203992822319,1.1809807490926352,0.2923265277703142,0.888654221322321,0.7524713861805851,1.5619584303387117,0.28436935082314274,0.18205948717948728,1.277589079515569,0.370965127205444,0.4088285054449821,-0.037863378239538115,-0.10206721727395421,48.14285714285715
10.000042672382,C25032408-0040.txt,0.9344500660339761,1.2073075044996469,0.29902402113087234,0.9082834833687745,0.7523215750615259,1.5603880010986002,0.29065071467800785,0.18626823230720407,1.2697372864205922,0.3580325372244646,0.4063159316545895,-0.048283394430124915,-0.134857560165975,48.9562180966073
10.049825131049,C25032408-0041.txt,0.9704841810735556,1.173178693905047,0.3105549379435378,0.8626237559615093,0.7352876083098446,1.5925297585183553,0.276039601907683,0.17333403060832123,1.3164901566106724,0.39681584385137814,0.42127685011541516,-0.024461006264037022,-0.061643219753086655,48.408431746691335
10.099630338128,C25032408-0042.txt,1.0610790829890815,1.274679232563102,0.3395453065565061,0.9351339260065958,0.7336229398875868,1.7532455710913661,0.2992428563221107,0.17067937387449778,1.4540027147692554,0.4038852174435438,0.4652808687261617,-0.061395651282617925,-0.1520126229705349,50.52477117301047
10.149691605383,C25032408-0043.txt,1.1800119234080169,1.3140686010392426,0.37760381549056543,0.9364647855486772,0.7126452795600365,1.7924811109684702,0.2996687313755767,0.16718097029969087,1.4928123795928934,0.44179684955196546,0.4776999614697259,-0.03590311191776041,-0.08126611123227889,51.6325703964859
10.199685958938,C25032408-0044.txt,1.1418351270181888,1.414747583078208,0.3653872406458204,1.0493603424323874,0.7417297297297296,1.9269961378633667,0.33579530957836395,0.1742584237613939,1.5912008282850028,0.44951692631251855,0.5091842650512008,-0.059667338738682296,-0.13273657841573613,54.02395402283286
10.249420454674,C25032408-0045.txt,1.217273045548083,1.4580600436005584,0.38952737457538655,1.068532669025172,0.7328454501685123,1.9672461541566193,0.34193045408805506,0.17381172832163677,1.6253157000685643,0.480871993195177,0.5201010240219406,-0.0392290308267636,-0.08157894695863742,55.2607338190331
10.299436358234,C25032408-0046.txt,1.308387719570041,1.6372032992856573,0.41868407026241317,1.218519229023244,0.7442687353213293,2.1703925596608027,0.3899261532874381,0.17965697106350995,1.7804664063733646,0.5512496483467684,0.5697492500394767,-0.018499601692708367,-0.03355938955823339,58.830460540788515
10.350026002527,C25032408-0047.txt,1.2074547228738919,1.5472102089026054,0.38638551131964544,1.16082469758296,0.7502695437915328,1.9369874988927045,0.37146390322654715,0.191774032325401,1.5655235956661573,0.5178931805055164,0.5009675506131703,0.016925629892346028,0.032681700646888016,57.59378079969882
10.400169849082,C25032408-0048.txt,1.250568098479356,1.5219611385940415,0.4001817915133939,1.1217793470806476,0.7370617544919221,1.9189395270767846,0.3589693910658073,0.18706654691335847,1.5599701360109774,0.5353176011406947,0.4991904435235128,0.03612715761718194,0.06748733376261026,57.00593104448024
10.449550798537,C25032408-0049.txt,1.325469101590152,1.623668169699863,0.42415011250884865,1.1995180571910142,0.738770445572476,2.050533553569772,0.38384577830112454,0.18719312231340365,1.6666877752686475,0.5793418363544138,0.5333400880859672,0.04600174826844661,0.07940346334716439,58.85527845191876
10.499938091892,C25032408-0050.txt,1.3975663115666292,1.741424667734941,0.4472212197013214,1.2942034480336195,0.7431865828092242,2.194007978590845,0.41414510337075827,0.18876189485726166,1.7798628752200867,0.6181236143728979,0.5695561200704278,0.04856749430247009,0.0785724621631598,61.10490349202125
10.549365590316,C25032408-0051.txt,1.4127019252774453,1.8717301629776961,0.4520646160887825,1.4196655468889137,0.7584776774823128,2.30347470288875,0.45429297500445237,0.1972207354544554,1.8491817278842975,0.6435071315385016,0.5917381529229752,0.05176897861552643,0.08044818165690996,63.377336861339224
10.599478795775,C25032408-0052.txt,1.4913167521056396,1.9354878632858314,0.4772213606738047,1.4582665026120267,0.7534361389052384,2.2414749380819314,0.46664528083584855,0.20818670461475913,1.7748296572460829,0.6272393275604348,0.5679454903187465,0.05929383724168824,0.09453144061024339,64.6948280378896
10.649784070789,C25032408-0053.txt,1.5594687445603008,2.0318436253803887,0.4990299982592963,1.5328136271210924,0.7543954701898523,2.379470030033568,0.4905003606787496,0.2061384907091391,1.8889696693548186,0.65464751869145,0.6044702941935419,0.05017722449790807,0.07664769676085448,66.6435980106762
10.699679832385,C25032408-0054.txt,1.7318846477525256,2.239116211899769,0.5542030872808082,1.6849131246189608,0.7524902529241227,2.7349317081866817,0.5391721998780675,0.19714283843509578,2.195759508308614,0.7091392741476025,0.7026430426587565,0.006496231488845927,0.00916072727272722,70.28003763796602
10.749865813981,C25032408-0055.txt,1.6788048030424991,2.176697449722816,0.5372175369735998,1.6394799127492163,0.7531960461285008,2.593457016007781,0.5246335720797493,0.20229121548632417,2.0688234439280313,0.7205603687045771,0.66202350205697,0.058536866647607044,0.0812379769828926,69.09000173745092
10.799981194254,C25032408-0056.txt,1.5613341176664646,2.07220605126706,0.49962691765326867,1.5725791336137913,0.7588912949328714,2.382274128665401,0.5032253227564132,0.21123737050291957,1.8790488059089876,0.6753291700209886,0.601295617890876,0.07403355213011253,0.10962587641196017,67.34612563486019
10.849857364987,C25032408-0057.txt,1.759207463124499,2.353789867797112,0.5629463881998397,1.7908434795972723,0.7608340506934481,2.736069656942928,0.5730699134711271,0.20945004525631522,2.162999743471801,0.7580306537420257,0.6921599179109764,0.0658707358310493,0.08689719275319246,71.58608461529741
10.899550385289,C25032408-0058.txt,1.8950022171810048,2.5499286206361247,0.6064007094979216,1.9435279111382031,0.7621891434174168,2.9692724396105126,0.621928931564225,0.20945499081445187,2.3473435080462877,0.7766383899379302,0.7511499225748121,0.02548846736311816,0.03281896400351163,74.20531856040475
10.949840384719,C25032408-0059.txt,1.9585386423705955,2.6272433135246533,0.6267323655585906,2.0005109479660628,0.7614486780374445,3.1442366923600393,0.6401635033491401,0.20359901813518955,2.5040731890108994,0.7966858752285046,0.8013034204834878,-0.004617545254983146,-0.005795942163100038,74.8918600010341
10.999774224566,C25032408-0060.txt,2.0312751119502077,2.752727996539419,0.6500080358240665,2.1027199607153526,0.7638676844783715,3.230926485781701,0.6728703874289128,0.20825926878559614,2.558056098352788,0.8467009993237219,0.8185779514728921,0.028123047850829752,0.033214851374088646,75.52328018417376
