segment,file,energy,io_nA,beam_current_mA,time_s,temperature_C,n_bins
PIE-2,C25032408-0000.txt,6.999828752256,174.35496,395.97,90.0,850.0,29984
PIE-2,C25032408-0001.txt,7.04988730428,173.671785,401.433,90.0,850.0,29984
PIE-2,C25032408-0002.txt,7.099795745079,174.883215,400.403,90.0,850.0,29984
PIE-2,C25032408-0003.txt,7.149889707175,172.455035,399.256,90.0,850.0,29984
PIE-2,C25032408-0004.txt,7.19991034869,169.802088,398.12,90.0,850.0,29984
PIE-2,C25032408-0005.txt,7.250064184756,166.672006,396.969,90.0,850.0,29984
PIE-2,C25032408-0006.txt,7.299700501699,162.885659,395.843,90.0,850.0,29984
PIE-2,C25032408-0007.txt,7.349832338566,160.285639,401.366,90.0,850.0,29984
PIE-2,C25032408-0008.txt,7.400008822483,159.120037,400.207,90.0,850.0,29984
PIE-2,C25032408-0009.txt,7.449689499187,155.682774,399.056,90.0,850.0,29984
PIE-2,C25032408-0010.txt,7.499987143229,151.251793,397.932,90.0,850.0,29984
PIE-2,C25032408-0011.txt,7.549717702634,146.026598,396.791,90.0,850.0,29984
PIE-2,C25032408-0012.txt,7.599798125832,140.631557,395.678,90.0,850.0,29984
PIE-2,C25032408-0013.txt,7.64997915898,135.117906,401.182,90.0,850.0,29984
PIE-2,C25032408-0014.txt,7.699952208382,130.688406,400.029,90.0,850.0,29984
PIE-2,C25032408-0015.txt,7.749917611124,124.55151,398.881,90.0,850.0,29984
PIE-2,C25032408-0016.txt,7.799968599829,117.443075,397.762,90.0,850.0,29984
PIE-2,C25032408-0017.txt,7.84971295795,110.953401,396.645,90.0,850.0,29984
PIE-2,C25032408-0018.txt,7.899829267412,104.184818,395.55,90.0,850.0,29984
PIE-2,C25032408-0019.txt,7.949939125725,98.361122,401.212,90.0,850.0,29984
PIE-2,C25032408-0020.txt,7.99973177999,92.489466,400.044,90.0,850.0,29984
PIE,C25032408-0000.txt,7.999818767948,67.399146,398.908,60.0,850.0,29984
PIE,C25032408-0001.txt,8.04987526035,63.207115,398.124,60.0,850.0,29984
PIE-2,C25032408-0021.txt,8.050038842534,86.044697,398.883,90.0,850.0,29984
PIE,C25032408-0002.txt,8.099759461212,59.251542,397.33,60.0,850.0,29984
PIE-2,C25032408-0022.txt,8.100026997938,80.299656,397.726,90.0,850.0,29984
PIE,C25032408-0003.txt,8.149904620949,55.455084,396.525,60.0,850.0,29984
PIE,C25032408-0004.txt,8.199799691224,52.358665,395.737,60.0,850.0,29984
PIE,C25032408-0005.txt,8.249635424306,49.361552,394.973,60.0,850.0,29984
PIE,C25032408-0006.txt,8.299986992141,47.492741,400.479,60.0,850.0,29984
PIE,C25032408-0007.txt,8.34988730589,45.203994,399.69,60.0,850.0,29984
PIE,C25032408-0008.txt,8.399747284514,42.973004,398.884,60.0,850.0,29984
PIE,C25032408-0009.txt,8.450026051949,41.044327,398.104,60.0,850.0,29984
PIE,C25032408-0010.txt,8.49974581444,39.395726,397.324,60.0,850.0,29984
PIE,C25032408-0011.txt,8.549727661502,37.983414,396.574,60.0,850.0,29984
PIE,C25032408-0012.txt,8.600027930899,36.594812,395.778,60.0,850.0,29984
PIE,C25032408-0013.txt,8.649703032006,35.346115,395.007,60.0,850.0,29984
PIE,C25032408-0014.txt,8.699999421662,34.872098,399.927,60.0,850.0,29984
PIE,C25032408-0015.txt,8.750081257056,34.027501,399.14,60.0,850.0,29984
PIE,C25032408-0016.txt,8.799780579665,33.24118,398.366,60.0,850.0,29984
PIE,C25032408-0017.txt,8.84988040432,32.547186,397.573,60.0,850.0,29984
PIE,C25032408-0018.txt,8.899615701493,31.921771,396.805,60.0,850.0,29984
PIE,C25032408-0019.txt,8.949524337097,31.39593,396.037,60.0,850.0,29984
PIE,C25032408-0020.txt,8.99952406689,31.087777,395.298,60.0,850.0,29984
PIE,C25032408-0021.txt,9.049958386834,31.079472,400.553,60.0,850.0,29984
PIE,C25032408-0022.txt,9.099851546561,31.075756,399.779,60.0,850.0,29984
PIE,C25032408-0023.txt,9.149875189035,30.830737,399.019,60.0,850.0,29984
PIE,C25032408-0024.txt,9.199712243097,30.637608,398.138,60.0,850.0,29984
PIE,C25032408-0025.txt,9.249879181274,30.747353,397.373,60.0,850.0,29984
PIE,C25032408-0026.txt,9.300545859698,30.720981,396.631,60.0,850.0,29984
PIE,C25032408-0027.txt,9.349869037348,30.653413,395.848,60.0,850.0,29984
PIE,C25032408-0028.txt,9.399700994344,30.690671,395.092,60.0,850.0,29984
PIE,C25032408-0029.txt,9.449997612188,31.132822,400.558,60.0,850.0,29984
PIE,C25032408-0030.txt,9.499626118444,31.2309,399.755,60.0,850.0,29984
PIE,C25032408-0031.txt,9.549938027219,31.298981,398.974,60.0,850.0,29984
PIE,C25032408-0032.txt,9.599801375134,31.405314,398.198,60.0,850.0,29984
PIE,C25032408-0033.txt,9.649862673798,31.563096,397.404,60.0,850.0,29984
PIE,C25032408-0034.txt,9.699864158557,31.745896,396.634,60.0,850.0,29984
PIE,C25032408-0035.txt,9.749888100517,31.891374,395.867,60.0,850.0,29984
PIE,C25032408-0036.txt,9.799852543566,32.11161,395.078,60.0,850.0,29984
PIE,C25032408-0037.txt,9.849446267609,32.788333,400.403,60.0,850.0,29984
PIE,C25032408-0038.txt,9.899449350301,33.039819,399.623,60.0,850.0,29984
PIE,C25032408-0039.txt,9.949482147023,33.291539,398.868,60.0,850.0,29984
PIE,C25032408-0040.txt,10.000042672382,33.656159,398.095,60.0,850.0,29984
PIE,C25032408-0041.txt,10.049825131049,34.020819,397.345,60.0,850.0,29984
PIE,C25032408-0042.txt,10.099630338128,34.312554,396.578,60.0,850.0,29984
PIE,C25032408-0043.txt,10.149691605383,34.593577,395.813,60.0,850.0,29984
PIE,C25032408-0044.txt,10.199685958938,34.870767,395.049,60.0,850.0,29984
PIE,C25032408-0045.txt,10.249420454674,35.612388,400.628,60.0,850.0,29984
PIE,C25032408-0046.txt,10.299436358234,35.75966,399.847,60.0,850.0,29984
PIE,C25032408-0047.txt,10.350026002527,36.067605,399.07,60.0,850.0,29984
PIE,C25032408-0048.txt,10.400169849082,36.263519,398.296,60.0,850.0,29984
PIE,C25032408-0049.txt,10.449550798537,36.399063,397.525,60.0,850.0,29984
PIE,C25032408-0050.txt,10.499938091892,36.521821,396.758,60.0,850.0,29984
PIE,C25032408-0051.txt,10.549365590316,36.499207,395.991,60.0,850.0,29984
PIE,C25032408-0052.txt,10.599478795775,36.575619,395.252,60.0,850.0,29984
PIE,C25032408-0053.txt,10.649784070789,36.940999,401.357,60.0,850.0,29984
PIE,C25032408-0054.txt,10.699679832385,37.22823,400.59,60.0,850.0,29984
PIE,C25032408-0055.txt,10.749865813981,37.18171,399.814,60.0,850.0,29984
PIE,C25032408-0056.txt,10.799981194254,37.142381,399.04,60.0,850.0,29984
PIE,C25032408-0057.txt,10.849857364987,37.014774,398.273,60.0,850.0,29984
PIE,C25032408-0058.txt,10.899550385289,36.664425,397.505,60.0,850.0,29984
PIE,C25032408-0059.txt,10.949840384719,36.170676,396.739,60.0,850.0,29984
PIE,C25032408-0060.txt,10.999774224566,35.097002,395.979,60.0,850.0,29984
