energy_eV,channel,PIE2_over_PIE_after_IO_only,PIE2_over_PIE_after_IO_and_time
8.0,128,0.35561653310875424,0.23707768873916948
8.05,128,0.3638435786602939,0.2425623857735293
8.1,128,0.3689401981996038,0.2459601321330692
8.0,130,0.2500518052637094,0.1667012035091396
8.05,130,0.38115242099663266,0.2541016139977551
8.1,130,0.3279468428440922,0.21863122856272815
8.0,142,0.3433770489634783,0.22891803264231889
8.05,142,0.3043697420548265,0.20291316136988427
8.1,142,0.40304391399956707,0.2686959426663781
8.0,144,0.4153532276746807,0.27690215178312044
8.05,144,0.3614886166382183,0.24099241109214553
8.1,144,0.42083715702563496,0.28055810468375664
8.0,146,0.5465418029335364,0.36436120195569094
8.05,146,0.48972311061385526,0.3264820737425702
8.1,146,1.1068205945988112,0.7378803963992075
