channel,label_mz,old_center_tof,old_left_tof,old_right_tof,calibrated_center_tof,observed_center_tof,observed_mz,tof_offset_bins,shifted_left_tof,shifted_right_tof,old_window_contains_peak,aggregate_peak_rate
99,99.0,15541,15533,15548,15580.463158722749,15580,98.99443087259999,39,15572,15587,False,0.0025910885499735217
101,101.02,15708,15696,15718,15747.607074841193,15746,101.000480789232,38,15734,15756,False,0.0033194591446898815
127,127.05,17723,17714,17731,17767.99549465003,17766,127.022820949512,43,17757,17774,False,0.01651158362218633
128,128.0,17792,17786,17800,17837.611234012307,17839,128.018987555847,47,17833,17847,False,9.331152202875511
129,129.0,17865,17856,17874,17910.61255268341,17914,129.046496976672,49,17905,17923,False,0.8877644052812145
130,130.0,17937,17931,17945,17983.331582922096,17982,129.981653971128,45,17976,17990,False,2.3197270719533183
142,142.06,18791,18776,18805,18839.231804720606,18838,142.042259165928,47,18823,18852,False,0.20119175765289618
144,144.02,18926,18910,18942,18974.850828773247,18976,144.036665463552,50,18960,18992,False,0.2880072424570468
146,146.02,19063,19045,19081,19112.289989579698,19111,146.001164118567,48,19093,19129,False,0.059901579763306304
148,148.01,19199,19183,19214,19248.1112346574,19244,147.94956619135198,45,19228,19259,False,0.011705630599782663
